<?xml version="1.0" encoding="UTF-8"?>
<kml xmlns="http://www.opengis.net/kml/2.2"><Document>
<name>오키나와 2026.09.23-27</name>
<Style id="s0"><IconStyle><color>ff636e8d</color><scale>1.1</scale><Icon><href>https://maps.google.com/mapfiles/kml/shapes/placemark_circle.png</href></Icon></IconStyle></Style>
<Style id="s1"><IconStyle><color>ff194ae6</color><scale>1.1</scale><Icon><href>https://maps.google.com/mapfiles/kml/shapes/placemark_circle.png</href></Icon></IconStyle></Style>
<Style id="s2"><IconStyle><color>ff9262f0</color><scale>1.1</scale><Icon><href>https://maps.google.com/mapfiles/kml/shapes/placemark_circle.png</href></Icon></IconStyle></Style>
<Style id="s3"><IconStyle><color>ffa21f7b</color><scale>1.1</scale><Icon><href>https://maps.google.com/mapfiles/kml/shapes/placemark_circle.png</href></Icon></IconStyle></Style>
<Style id="s4"><IconStyle><color>ff7b8900</color><scale>1.1</scale><Icon><href>https://maps.google.com/mapfiles/kml/shapes/placemark_circle.png</href></Icon></IconStyle></Style>
<Style id="s5"><IconStyle><color>ffc06515</color><scale>1.1</scale><Icon><href>https://maps.google.com/mapfiles/kml/shapes/placemark_circle.png</href></Icon></IconStyle></Style>
<Style id="s6"><IconStyle><color>ffc1ac00</color><scale>1.1</scale><Icon><href>https://maps.google.com/mapfiles/kml/shapes/placemark_circle.png</href></Icon></IconStyle></Style>
<Style id="s7"><IconStyle><color>ff47a043</color><scale>1.1</scale><Icon><href>https://maps.google.com/mapfiles/kml/shapes/placemark_circle.png</href></Icon></IconStyle></Style>
<Folder><name>카페·베이커리 (91)</name>
<Placemark><name>지바고 커피 로스터리</name><description><![CDATA[<b>분류</b>: 카페<br><b>지역</b>: 중부 차탄 미하마<br><b>설명</b>: 아메리칸빌리지 인근 리조트 1층에 있는 로스터리 카페. 미국 서해안풍 인더스트리얼 인테리어와 원두 로스팅 향이 어우러진 인기 사진 명소.<br><b>영업</b>: 22:00까지 영업<br><b>주차</b>: 있음<br><b>주소</b>: 沖縄県中頭郡北谷町美浜34-1 LeQu沖縄北谷スパ&amp;リゾート プレミア棟1F<br><a href="https://www.google.com/maps/search/?api=1&amp;query=ZHYVAGO%20COFFEE%20ROASTERY%20%E5%8C%97%E8%B0%B7">구글 지도에서 길찾기</a>]]></description><styleUrl>#s0</styleUrl><Point><coordinates>127.75384,26.32709,0</coordinates></Point></Placemark>
<Placemark><name>트랜짓 카페</name><description><![CDATA[<b>분류</b>: 카페<br><b>지역</b>: 중부 차탄 미야기(스나베)<br><b>설명</b>: 서핑·다이빙으로 유명한 미야기 해안(스나베) 앞 오션뷰 카페. 본격 이탈리안 요리와 카망베르 퐁뒤, 노을 감상으로 지역민과 외국인 모두에게 인기.<br><b>영업</b>: 런치 11:00~16:00(L.O.15:45), 디너 17:00~24:00(L.O.23:00)<br><b>휴무</b>: 부정기 휴무<br><b>주차</b>: 있음<br><b>주소</b>: 沖縄県中頭郡北谷町宮城2-220（2F）<br><a href="https://www.google.com/maps/search/?api=1&amp;query=Transit%20Cafe%20%E5%8C%97%E8%B0%B7%20%E5%AE%AE%E5%9F%8E">구글 지도에서 길찾기</a>]]></description><styleUrl>#s0</styleUrl><Point><coordinates>127.74683,26.32819,0</coordinates></Point></Placemark>
<Placemark><name>시사이드 카페 하논</name><description><![CDATA[<b>분류</b>: 카페<br><b>지역</b>: 중부 차탄 미하마(데포아일랜드)<br><b>설명</b>: 데포아일랜드 인근 오션뷰 팬케이크 카페. 칠리빈즈 소시지 팬케이크 등 개성 있는 메뉴로 유명하며 연인·가족 단위 방문객이 많다.<br><b>영업</b>: 평일 9:00~17:00(L.O.16:00), 토일공휴일 8:30~19:00(L.O.18:00)<br><b>휴무</b>: 연중무휴<br><b>주차</b>: 있음<br><b>주소</b>: 沖縄県中頭郡北谷町美浜9-39 オークファッションビルB-3<br><a href="https://www.google.com/maps/search/?api=1&amp;query=Seaside%20Cafe%20Hanon%20%E5%8C%97%E8%B0%B7">구글 지도에서 길찾기</a>]]></description><styleUrl>#s0</styleUrl><Point><coordinates>127.75384,26.32709,0</coordinates></Point></Placemark>
<Placemark><name>하레노아 카페</name><description><![CDATA[<b>분류</b>: 카페<br><b>지역</b>: 중부 차탄 아라하비치<br><b>설명</b>: 아라하비치에서 도보권인 하와이안 조식 카페. 아침 7시부터 열어 마카다미아넛 팬케이크 등 본토 하와이풍 브런치를 즐길 수 있고 외국인 손님이 많다.<br><b>영업</b>: 7:00 오픈(아침~점심)<br><b>주차</b>: 있음<br><b>주소</b>: 沖縄県中頭郡北谷町北谷2丁目18-6<br><a href="https://www.google.com/maps/search/?api=1&amp;query=Hale%20Noa%20Cafe%20%E5%8C%97%E8%B0%B7">구글 지도에서 길찾기</a>]]></description><styleUrl>#s0</styleUrl><Point><coordinates>127.76458,26.32223,0</coordinates></Point></Placemark>
<Placemark><name>차탄 카페 하리하리</name><description><![CDATA[<b>분류</b>: 카페<br><b>지역</b>: 중부 차탄<br><b>설명</b>: 북적임을 피해 여유로운 아침을 즐길 수 있는 조식 전문 카페. 토핑이 풍성한 프렌치토스트와 팬케이크가 대표 메뉴.<br><b>영업</b>: 모닝 영업<br><b>주소</b>: 沖縄県中頭郡北谷町北谷1丁目12-11<br><a href="https://www.google.com/maps/search/?api=1&amp;query=Chatan%20cafe%20halihali%20%E5%8C%97%E8%B0%B7">구글 지도에서 길찾기</a>]]></description><styleUrl>#s0</styleUrl><Point><coordinates>127.76458,26.32223,0</coordinates></Point></Placemark>
<Placemark><name>프라우맨즈 런치 베이커리</name><description><![CDATA[<b>분류</b>: 베이커리<br><b>지역</b>: 중부 북중성(기타나카구스쿠)<br><b>설명</b>: 언덕 위에 자리해 오키나와 바다를 내려다보며 빵을 먹을 수 있는 베이커리 카페. 한정 10식 'A.M.플레이트'(빵·수프·샐러드·스크램블에그)가 인기이며 비건 메뉴도 있다.<br><b>영업</b>: 8:00~15:00(매진 시 조기 마감)<br><b>휴무</b>: 일요일 휴무<br><b>주차</b>: 있음<br><b>주소</b>: 沖縄県中頭郡北中城村字安谷屋927-2<br><a href="https://www.google.com/maps/search/?api=1&amp;query=PLOUGHMAN%27S%20LUNCH%20BAKERY%20%E5%8C%97%E4%B8%AD%E5%9F%8E">구글 지도에서 길찾기</a>]]></description><styleUrl>#s0</styleUrl><Point><coordinates>127.79002,26.2969,0</coordinates></Point></Placemark>
<Placemark><name>마더 커피</name><description><![CDATA[<b>분류</b>: 카페<br><b>지역</b>: 중부 북중성(기타나카구스쿠)<br><b>설명</b>: 외국인 주택을 개조한 순깃사풍 카페. 독일식 두꺼운 팬케이크 '더치베이비'가 간판 메뉴로, 이른 아침부터 여유로운 시간을 보내기 좋다.<br><b>영업</b>: 7:00~17:00<br><b>휴무</b>: 목요일 휴무<br><b>주차</b>: 있음<br><b>주소</b>: 沖縄県中頭郡北中城村瑞慶覧588<br><a href="https://www.google.com/maps/search/?api=1&amp;query=MOTHER%20COFFEE%20%E5%8C%97%E4%B8%AD%E5%9F%8E%20%E7%91%9E%E6%85%B6%E8%A6%A7">구글 지도에서 길찾기</a>]]></description><styleUrl>#s0</styleUrl><Point><coordinates>127.77889,26.30853,0</coordinates></Point></Placemark>
<Placemark><name>쿠라시노 핫코 델리&amp;카페</name><description><![CDATA[<b>분류</b>: 카페<br><b>지역</b>: 중부 북중성(기타나카구스쿠)<br><b>설명</b>: 발효를 테마로 한 환경친화형 호텔 부속 카페. 비건 대응 메뉴가 있어 건강한 한 끼를 찾는 손님에게 좋다.<br><b>주차</b>: 있음<br><b>주소</b>: 沖縄県中頭郡北中城村喜舎場1478番地<br><a href="https://www.google.com/maps/search/?api=1&amp;query=%E6%9A%AE%E3%82%89%E3%81%97%E3%81%AE%E7%99%BA%E9%85%B5%20DELI%26CAFE%20%E5%8C%97%E4%B8%AD%E5%9F%8E">구글 지도에서 길찾기</a>]]></description><styleUrl>#s0</styleUrl><Point><coordinates>127.79322,26.30086,0</coordinates></Point></Placemark>
<Placemark><name>아자마 커피</name><description><![CDATA[<b>분류</b>: 카페<br><b>지역</b>: 중부 북중성(기타나카구스쿠)<br><b>설명</b>: 페루산 유기농 원두를 직접 로스팅해 내리는 본격 커피 전문점. 조용한 마을 안쪽에 있어 현지인 단골이 많다.<br><b>주차</b>: 있음<br><b>주소</b>: 沖縄県中頭郡北中城村字仲順24<br><a href="https://www.google.com/maps/search/?api=1&amp;query=%E5%AE%89%E5%BA%A7%E9%96%93%E7%8F%88%E7%90%B2%20%E5%8C%97%E4%B8%AD%E5%9F%8E">구글 지도에서 길찾기</a>]]></description><styleUrl>#s0</styleUrl><Point><coordinates>127.8005,26.30332,0</coordinates></Point></Placemark>
<Placemark><name>선스타쉬 커피 베이</name><description><![CDATA[<b>분류</b>: 카페<br><b>지역</b>: 중부 우루마 해중도로<br><b>설명</b>: 해변을 따라 자리한 세련된 인테리어의 카페로 15종의 원두를 갖췄다. 바다를 캔버스 삼아 자유롭게 그린 듯한 감각적인 공간으로 해중도로 드라이브 중 쉬어가기 좋다.<br><b>영업</b>: 10:00~20:00<br><b>휴무</b>: 화요일 휴무<br><b>주차</b>: 있음<br><b>주소</b>: 沖縄県うるま市与那城屋平4<br><a href="https://www.google.com/maps/search/?api=1&amp;query=Sunstache%20Coffee%20Bay%20%E3%81%86%E3%82%8B%E3%81%BE%E5%B8%82%20%E4%B8%8E%E9%82%A3%E5%9F%8E%E5%B1%8B%E5%B9%B3">구글 지도에서 길찾기</a>]]></description><styleUrl>#s0</styleUrl><Point><coordinates>127.92867,26.33138,0</coordinates></Point></Placemark>
<Placemark><name>우미카페 우루타마</name><description><![CDATA[<b>분류</b>: 카페<br><b>지역</b>: 중부 우루마 요나시로<br><b>설명</b>: 복합시설 '테루마' 2층에서 킨만(金武湾) 바다와 하늘을 한눈에 담는 오션뷰 카페. 우루마산 신선한 달걀로 만든 에그샌드와 오므라이스가 대표 메뉴.<br><b>영업</b>: 평일 11:00~17:00(L.O.16:30), 토·일·공휴일 11:00~18:00(L.O.17:30)<br><b>휴무</b>: 월요일 휴무(공휴일이면 영업, 다음날 화요일 휴무)<br><b>주차</b>: 있음<br><b>주소</b>: 沖縄県うるま市与那城照間1860-1（東海岸BBQ TERUMA 2F）<br><a href="https://www.google.com/maps/search/?api=1&amp;query=%E6%B5%B7%E3%82%AB%E3%83%95%E3%82%A7%20%E3%81%86%E3%82%8B%E3%81%9F%E3%81%BE%20%E3%81%86%E3%82%8B%E3%81%BE%E5%B8%82%20%E4%B8%8E%E9%82%A3%E5%9F%8E%E7%85%A7%E9%96%93">구글 지도에서 길찾기</a>]]></description><styleUrl>#s0</styleUrl><Point><coordinates>127.88388,26.34379,0</coordinates></Point></Placemark>
<Placemark><name>이노치구스리 노 아노츠치</name><description><![CDATA[<b>분류</b>: 카페<br><b>지역</b>: 중부 우루마 이케이섬<br><b>설명</b>: 나무톤의 세련된 공간에서 주간 단위로 메뉴가 바뀌는 자연식 카페. 이케이섬 안쪽에 있어 조용히 쉬어가기 좋다.<br><b>영업</b>: 10:00~16:00(L.O.15:30)<br><b>주차</b>: 있음<br><b>주소</b>: 沖縄県うるま市与那城伊計130<br><a href="https://www.google.com/maps/search/?api=1&amp;query=%E5%91%BD%E8%96%AC%E3%81%AE%E3%81%82%E3%81%AE%E5%9C%9F%20%E3%81%86%E3%82%8B%E3%81%BE%E5%B8%82%20%E4%B8%8E%E9%82%A3%E5%9F%8E%E4%BC%8A%E8%A8%88">구글 지도에서 길찾기</a>]]></description><styleUrl>#s0</styleUrl><Point><coordinates>127.99276,26.38579,0</coordinates></Point></Placemark>
<Placemark><name>타카하나리 (누치마스 카페레스토랑)</name><description><![CDATA[<b>분류</b>: 카페<br><b>지역</b>: 중부 우루마 미야기지마<br><b>설명</b>: 누치마스 제염 팩토리·카후반타와 같은 부지에 있는 흰 목조 전망 카페. 소금을 활용한 요리와 디저트를 바다 전망과 함께 즐길 수 있다.<br><b>영업</b>: 10:00~17:00(L.O.), 목요일은 경식·디저트 메뉴만<br><b>휴무</b>: 연중무휴<br><b>주차</b>: 있음<br><b>주소</b>: 沖縄県うるま市与那城宮城2768<br><a href="https://www.google.com/maps/search/?api=1&amp;query=%E3%81%9F%E3%81%8B%E3%81%AF%E3%81%AA%E3%82%8A%20%E3%81%86%E3%82%8B%E3%81%BE%E5%B8%82%20%E4%B8%8E%E9%82%A3%E5%9F%8E%E5%AE%AE%E5%9F%8E">구글 지도에서 길찾기</a>]]></description><styleUrl>#s0</styleUrl><Point><coordinates>127.9869,26.37001,0</coordinates></Point></Placemark>
<Placemark><name>블랑주리 카페 야마시타</name><description><![CDATA[<b>분류</b>: 베이커리<br><b>지역</b>: 중부 우루마 헤안자섬<br><b>설명</b>: 천연효모로 굽는 빵과 바다 전망을 함께 즐길 수 있는 베이커리 카페. 하마히가섬과 바다가 내려다보이는 경치로 프랑스인 여행자에게도 호평받는다는 곳.<br><b>영업</b>: 11:00~19:00<br><b>휴무</b>: 정휴무일 정보가 소스마다 달라 방문 전 확인 필요<br><b>주차</b>: 있음<br><b>주소</b>: 沖縄県うるま市与那城平安座425-2 2F<br><a href="https://www.google.com/maps/search/?api=1&amp;query=%E3%83%96%E3%83%AD%E3%83%B3%E3%82%B8%E3%82%A7%E3%83%AA%E3%83%BC%E3%82%AB%E3%83%95%E3%82%A7%E3%83%A4%E3%83%9E%E3%82%B7%E3%82%BF%20%E3%81%86%E3%82%8B%E3%81%BE%E5%B8%82%20%E4%B8%8E%E9%82%A3%E5%9F%8E%E5%B9%B3%E5%AE%89%E5%BA%A7">구글 지도에서 길찾기</a>]]></description><styleUrl>#s0</styleUrl><Point><coordinates>127.95329,26.34486,0</coordinates></Point></Placemark>
<Placemark><name>피자킷사 카진호우</name><description><![CDATA[<b>분류</b>: 카페<br><b>지역</b>: 북부 모토부<br><b>설명</b>: 카르스트 지형 언덕 위 고민가에서 바다와 노을을 내려다보며 먹는 시그니처 피자. 오키나와에서도 손꼽히는 일몰 포인트로 유명하다.<br><b>영업</b>: 11:30~19:00 (L.O. 18:30)<br><b>휴무</b>: 화요일 휴무<br><b>주소</b>: 沖縄県国頭郡本部町山里1153-2<br><a href="https://www.google.com/maps/search/?api=1&amp;query=%E3%83%94%E3%82%B6%E5%96%AB%E8%8C%B6%20%E8%8A%B1%E4%BA%BA%E9%80%A2%20%E6%9C%AC%E9%83%A8%E7%94%BA">구글 지도에서 길찾기</a>]]></description><styleUrl>#s0</styleUrl><Point><coordinates>127.90843,26.67062,0</coordinates></Point></Placemark>
<Placemark><name>카페 하코니와</name><description><![CDATA[<b>분류</b>: 카페<br><b>지역</b>: 북부 모토부<br><b>설명</b>: 이즈미 숲 속 터널 같은 좁은 길을 지나야 나오는 류큐 고민가 카페. 도예가 오너가 직접 만든 그릇에 건강식을 내어 지브리 세계관 같은 분위기라는 평이 많다.<br><b>영업</b>: 11:30~17:30<br><b>휴무</b>: 수·목요일 휴무<br><b>주차</b>: 있음(4대 정도, 협소)<br><b>주소</b>: 沖縄県国頭郡本部町字伊豆味2566<br><a href="https://www.google.com/maps/search/?api=1&amp;query=Cafe%20%E3%83%8F%E3%82%B3%E3%83%8B%E3%83%AF%20%E6%9C%AC%E9%83%A8%E7%94%BA%20%E4%BC%8A%E8%B1%86%E5%91%B3">구글 지도에서 길찾기</a>]]></description><styleUrl>#s0</styleUrl><Point><coordinates>127.94589,26.65373,0</coordinates></Point></Placemark>
<Placemark><name>야치문킷사 시사엔</name><description><![CDATA[<b>분류</b>: 카페<br><b>지역</b>: 북부 모토부<br><b>설명</b>: 원생림에 둘러싸인 정원에 시사 조각상 100개 이상이 놓인 카페. 용수로 내린 자가배전 커피와 흑당 밀크가 정석 메뉴.<br><b>영업</b>: 11:00~19:00<br><b>휴무</b>: 월·화요일 휴무<br><b>주차</b>: 있음<br><b>주소</b>: 沖縄県本部町字伊豆味1439<br><a href="https://www.google.com/maps/search/?api=1&amp;query=%E3%82%84%E3%81%A1%E3%82%80%E3%82%93%E5%96%AB%E8%8C%B6%20%E3%82%B7%E3%83%BC%E3%82%B5%E3%83%BC%E5%9C%92%20%E6%9C%AC%E9%83%A8%E7%94%BA%20%E4%BC%8A%E8%B1%86%E5%91%B3">구글 지도에서 길찾기</a>]]></description><styleUrl>#s0</styleUrl><Point><coordinates>127.94589,26.65373,0</coordinates></Point></Placemark>
<Placemark><name>카페 차하야 불란</name><description><![CDATA[<b>분류</b>: 카페<br><b>지역</b>: 북부 모토부<br><b>설명</b>: 비세 후쿠기 마을 인근, 아시안 테이스트 인테리어로 꾸민 오션뷰 은신처 카페. 해 지는 시간대 풍경이 특히 좋다는 평.<br><b>영업</b>: 12:00~일몰 (푸드 L.O. 16:00)<br><b>휴무</b>: 수·목요일 휴무 (7~9월은 수요일만)<br><b>주차</b>: 있음<br><b>주소</b>: 沖縄県国頭郡本部町備瀬429-1<br><a href="https://www.google.com/maps/search/?api=1&amp;query=cafe%20CAHAYA%20BULAN%20%E6%9C%AC%E9%83%A8%E7%94%BA%20%E5%82%99%E7%80%AC">구글 지도에서 길찾기</a>]]></description><styleUrl>#s0</styleUrl><Point><coordinates>127.88439,26.70304,0</coordinates></Point></Placemark>
<Placemark><name>지카바이센 커피 미치쿠사</name><description><![CDATA[<b>분류</b>: 카페<br><b>지역</b>: 북부 모토부<br><b>설명</b>: 모토부초영시장 안에 있는 작은 자가배전 커피집. 핸드드립 커피와 대만식 과자가 인기.<br><b>영업</b>: 10:00~18:30 (L.O. 18:00)<br><b>휴무</b>: 부정기 휴무<br><b>주소</b>: 沖縄県国頭郡本部町渡久地4 本部町営市場内<br><a href="https://www.google.com/maps/search/?api=1&amp;query=%E8%87%AA%E5%AE%B6%E7%84%99%E7%85%8E%E7%8F%88%E7%90%B2%E3%81%BF%E3%81%A1%E3%81%8F%E3%81%95%20%E6%9C%AC%E9%83%A8%E7%94%BA%E5%96%B6%E5%B8%82%E5%A0%B4">구글 지도에서 길찾기</a>]]></description><styleUrl>#s0</styleUrl><Point><coordinates>127.89385,26.6624,0</coordinates></Point></Placemark>
<Placemark><name>고우리시마 카페</name><description><![CDATA[<b>분류</b>: 카페<br><b>지역</b>: 북부 고우리섬<br><b>설명</b>: 고우리대교를 건너자마자 오른쪽에 바로 보이는 카페. 다리 위 드라이브 직후 바다를 보며 쉬어가기 좋은 위치로 유명하다.<br><b>영업</b>: 11:00~17:00 (일~토, L.O. 16:30)<br><b>주차</b>: 있음<br><b>주소</b>: 沖縄県国頭郡今帰仁村古宇利<br><a href="https://www.google.com/maps/search/?api=1&amp;query=%E5%8F%A4%E5%AE%87%E5%88%A9%E5%B3%B6%E3%82%AB%E3%83%95%E3%82%A7%20%E4%BB%8A%E5%B8%B0%E4%BB%81%E6%9D%91">구글 지도에서 길찾기</a>]]></description><styleUrl>#s0</styleUrl><Point><coordinates>128.02,26.70102,0</coordinates></Point></Placemark>
<Placemark><name>판초리나</name><description><![CDATA[<b>분류</b>: 베이커리<br><b>지역</b>: 북부 나고<br><b>설명</b>: 약 120종에 달하는 작은 사이즈 빵이 진열되는 나고 지역 인기 베이커리. 매일 아침 6시부터 반죽을 구워내 오전 내내 갓 구운 빵을 채워 넣는다.<br><b>영업</b>: 화~토 7:00~19:00<br><b>휴무</b>: 월·일·공휴일 휴무<br><b>주차</b>: 있음<br><b>주소</b>: 沖縄県名護市大中3-1-17<br><a href="https://www.google.com/maps/search/?api=1&amp;query=%E3%83%91%E3%83%B3%E3%83%81%E3%83%A7%E3%83%AA%E3%83%BC%E3%83%8A%20%E5%90%8D%E8%AD%B7%E5%B8%82%E5%A4%A7%E4%B8%AD">구글 지도에서 길찾기</a>]]></description><styleUrl>#s0</styleUrl><Point><coordinates>127.97957,26.60439,0</coordinates></Point></Placemark>
<Placemark><name>데커스 카페</name><description><![CDATA[<b>분류</b>: 카페<br><b>지역</b>: 나하 오모로마치<br><b>설명</b>: 오모로마치역 인근에 있는 카페로, 일본 다베로그 한국어판에도 리뷰가 올라오는 등 관광객들 사이에서도 알려진 곳.<br><a href="https://www.google.com/maps/search/?api=1&amp;query=decker%27s%20cafe%20%E3%81%8A%E3%82%82%E3%82%8D%E3%81%BE%E3%81%A1%20%E9%82%A3%E8%A6%87">구글 지도에서 길찾기</a>]]></description><styleUrl>#s0</styleUrl><Point><coordinates>127.67915,26.21223,0</coordinates></Point></Placemark>
<Placemark><name>코나스 커피</name><description><![CDATA[<b>분류</b>: 카페<br><b>지역</b>: 나하 오모로마치<br><b>설명</b>: 오모로마치역 근처, 나하에서 '부자 동네' 느낌이 나는 구역에 있는 선셋 감성 카페로 한국 여행 블로그에 소개됨.<br><a href="https://www.google.com/maps/search/?api=1&amp;query=Kona%27s%20Coffee%20%E3%81%8A%E3%82%82%E3%82%8D%E3%81%BE%E3%81%A1%E9%A7%85%20%E9%82%A3%E8%A6%87">구글 지도에서 길찾기</a>]]></description><styleUrl>#s0</styleUrl><Point><coordinates>127.69539,26.22771,0</coordinates></Point></Placemark>
<Placemark><name>타카하라 커피 로스터리</name><description><![CDATA[<b>분류</b>: 카페<br><b>지역</b>: 나하 국제거리<br><b>설명</b>: 국제거리 쇼핑 중 들르기 좋은 로스터리 카페. 와인잔에 담겨 나오는 감성적인 비주얼의 커피로 한국 블로거들 사이에서 화제.<br><a href="https://www.google.com/maps/search/?api=1&amp;query=TAKAHARA%20COFFEE%20ROASTERY%20%E9%82%A3%E8%A6%87%20%E5%9B%BD%E9%9A%9B%E9%80%9A%E3%82%8A">구글 지도에서 길찾기</a>]]></description><styleUrl>#s0</styleUrl><Point><coordinates>127.69478,26.21853,0</coordinates></Point></Placemark>
<Placemark><name>더 사카에마치 아케이드 베이커리</name><description><![CDATA[<b>분류</b>: 베이커리<br><b>지역</b>: 나하 사카에마치<br><b>설명</b>: 센베로 골목으로 유명한 사카에마치 시장 안에 자리한 동네 밀착형 베이커리.<br><b>주차</b>: 없음(시장 인근 공영주차장 이용)<br><b>주소</b>: 沖縄県那覇市安里385<br><a href="https://www.google.com/maps/search/?api=1&amp;query=THE%20SAKAEMACHI%20ARCADE%20BAKERY%20%E6%A0%84%E7%94%BA%E5%B8%82%E5%A0%B4%20%E9%82%A3%E8%A6%87">구글 지도에서 길찾기</a>]]></description><styleUrl>#s0</styleUrl><Point><coordinates>127.69576,26.2168,0</coordinates></Point></Placemark>
<Placemark><name>소이토비오</name><description><![CDATA[<b>분류</b>: 베이커리<br><b>지역</b>: 나하 츠보야<br><b>설명</b>: 야치문거리 인근, 자가제 천연 발효 빵을 전문으로 하는 작은 빵집.<br><b>주소</b>: 沖縄県那覇市壺屋1-5-14<br><a href="https://www.google.com/maps/search/?api=1&amp;query=%E3%82%BD%E3%82%A4%E3%83%88%E3%83%93%E3%82%AA%20%E5%A3%BA%E5%B1%8B%20%E9%82%A3%E8%A6%87">구글 지도에서 길찾기</a>]]></description><styleUrl>#s0</styleUrl><Point><coordinates>127.69361,26.21224,0</coordinates></Point></Placemark>
<Placemark><name>르 존느 도마리점</name><description><![CDATA[<b>분류</b>: 베이커리<br><b>지역</b>: 나하 도마리<br><b>설명</b>: 미에바시역에서 걸어갈 수 있는 도마리의 쇼와풍 노포 빵집.<br><b>주소</b>: 沖縄県那覇市泊2-6-5<br><a href="https://www.google.com/maps/search/?api=1&amp;query=%E3%83%AB%E3%83%BB%E3%82%B8%E3%83%A7%E3%83%B3%E3%83%8C%20%E6%B3%8A%E5%BA%97%20%E9%82%A3%E8%A6%87">구글 지도에서 길찾기</a>]]></description><styleUrl>#s0</styleUrl><Point><coordinates>127.68709,26.22476,0</coordinates></Point></Placemark>
<Placemark><name>불랑제리 르 프레타포르테</name><description><![CDATA[<b>분류</b>: 베이커리<br><b>지역</b>: 나하 마키시<br><b>설명</b>: 마키시역 인근, 프랑스인 셰프가 만드는 본격 데니시가 인기인 빵집.<br><b>주소</b>: 沖縄県那覇市樋川2-2-5<br><a href="https://www.google.com/maps/search/?api=1&amp;query=BOULANGERIE%20Le%20Pret%20a%20Porter%20%E9%82%A3%E8%A6%87%20%E6%A8%8B%E5%B7%9D">구글 지도에서 길찾기</a>]]></description><styleUrl>#s0</styleUrl><Point><coordinates>127.70085,26.19574,0</coordinates></Point></Placemark>
<Placemark><name>하마베노차야</name><description><![CDATA[<b>분류</b>: 카페<br><b>지역</b>: 남부 난조시<br><b>설명</b>: 창턱 바로 밑까지 파도가 밀려오는 남부 절경 카페의 원조. 만조 시간 전후 1시간에 방문하면 바다가 가장 가까이 보인다.<br><b>주차</b>: 있음<br><a href="https://www.google.com/maps/search/?api=1&amp;query=%E6%B5%9C%E8%BE%BA%E3%81%AE%E8%8C%B6%E5%B1%8B%20%E5%8D%97%E5%9F%8E%E5%B8%82">구글 지도에서 길찾기</a>]]></description><styleUrl>#s0</styleUrl><Point><coordinates>127.78461,26.13353,0</coordinates></Point></Placemark>
<Placemark><name>카페 야부사치</name><description><![CDATA[<b>분류</b>: 카페<br><b>지역</b>: 남부 난조시<br><b>설명</b>: 절경 카페의 원조격 존재. 프렌치 셰프가 감수한 수제 케이크가 상시 5종 전후로 준비된다.<br><b>주차</b>: 있음<br><a href="https://www.google.com/maps/search/?api=1&amp;query=Cafe%20%E3%82%84%E3%81%B6%E3%81%95%E3%81%A1%20%E5%8D%97%E5%9F%8E%E5%B8%82">구글 지도에서 길찾기</a>]]></description><styleUrl>#s0</styleUrl><Point><coordinates>127.77056,26.16321,0</coordinates></Point></Placemark>
<Placemark><name>마하나 비치 카페</name><description><![CDATA[<b>분류</b>: 카페<br><b>지역</b>: 남부 오지마<br><b>설명</b>: 오지마에서 수평선을 그대로 마주하는 절경 카페. 자가제 디저트와 페라리 촬영 체험을 함께 제공한다.<br><b>주소</b>: 沖縄県南城市奥武島<br><a href="https://www.google.com/maps/search/?api=1&amp;query=Mahana%20Beach%20Cafe%20%E5%8D%97%E5%9F%8E%E5%B8%82%E5%A5%A5%E6%AD%A6%E5%B3%B6">구글 지도에서 길찾기</a>]]></description><styleUrl>#s0</styleUrl><Point><coordinates>127.77348,26.12971,0</coordinates></Point></Placemark>
<Placemark><name>내추럴 카페 올리브의 나무</name><description><![CDATA[<b>분류</b>: 카페<br><b>지역</b>: 남부 난조시<br><b>설명</b>: 컨트리풍 인테리어가 매력인 남부 절경 카페.<br><a href="https://www.google.com/maps/search/?api=1&amp;query=Natural%20CAFE%20%E3%82%AA%E3%83%AA%E3%83%BC%E3%83%B4%E3%81%AE%E6%9C%A8%20%E5%8D%97%E5%9F%8E%E5%B8%82">구글 지도에서 길찾기</a>]]></description><styleUrl>#s0</styleUrl><Point><coordinates>127.77056,26.16321,0</coordinates></Point></Placemark>
<Placemark><name>베지타리카</name><description><![CDATA[<b>분류</b>: 카페<br><b>지역</b>: 남부 난조시<br><b>설명</b>: 자가 재배 채소와 신선한 달걀로 몸을 편안하게 해주는 채식 지향 카페.<br><a href="https://www.google.com/maps/search/?api=1&amp;query=Vegetarica%20%E3%83%99%E3%82%B8%E3%82%BF%E3%83%AA%E3%82%AB%20%E5%8D%97%E5%9F%8E%E5%B8%82">구글 지도에서 길찾기</a>]]></description><styleUrl>#s0</styleUrl><Point><coordinates>127.77056,26.16321,0</coordinates></Point></Placemark>
<Placemark><name>빈푸드 카페 에주</name><description><![CDATA[<b>분류</b>: 카페<br><b>지역</b>: 남부 난조시<br><b>설명</b>: 유기농·섬채소·발효 효소 등 재료를 고집하는 식공간.<br><a href="https://www.google.com/maps/search/?api=1&amp;query=%E3%83%93%E3%83%B3food%20cafe%20eju%20%E5%8D%97%E5%9F%8E%E5%B8%82">구글 지도에서 길찾기</a>]]></description><styleUrl>#s0</styleUrl><Point><coordinates>127.77056,26.16321,0</coordinates></Point></Placemark>
<Placemark><name>카페 로지</name><description><![CDATA[<b>분류</b>: 카페<br><b>지역</b>: 남부 난조시<br><b>설명</b>: 산장풍 외관에 용출수 마을에서 숲의 향과 최상급 요리를 즐길 수 있고, 2층에서는 신발을 벗고 햐쿠나 비치를 내려다볼 수 있다.<br><b>영업</b>: 11:30~17:00<br><b>휴무</b>: 월·화·금<br><b>주차</b>: 있음<br><b>주소</b>: 沖縄県南城市玉城垣花8-1<br><a href="https://www.google.com/maps/search/?api=1&amp;query=cafe%20Lodge%20%E5%8D%97%E5%9F%8E%E5%B8%82%E7%8E%89%E5%9F%8E%E5%9E%A3%E8%8A%B1">구글 지도에서 길찾기</a>]]></description><styleUrl>#s0</styleUrl><Point><coordinates>127.79304,26.15021,0</coordinates></Point></Placemark>
<Placemark><name>카페 빈즈</name><description><![CDATA[<b>분류</b>: 카페<br><b>지역</b>: 남부 난조시<br><b>설명</b>: 허브와 꽃잎을 곁들인 메뉴로 여심을 자극하는 카페.<br><a href="https://www.google.com/maps/search/?api=1&amp;query=Cafe%20Bean%27s%20%E5%8D%97%E5%9F%8E%E5%B8%82">구글 지도에서 길찾기</a>]]></description><styleUrl>#s0</styleUrl><Point><coordinates>127.77056,26.16321,0</coordinates></Point></Placemark>
<Placemark><name>카페 모리노테라스</name><description><![CDATA[<b>분류</b>: 카페<br><b>지역</b>: 남부 난조시<br><b>설명</b>: 3,000평 규모 숲 속에 자리한 세련된 리조트풍 카페.<br><a href="https://www.google.com/maps/search/?api=1&amp;query=Cafe%20%E6%A3%AE%E3%81%AE%E3%83%86%E3%83%A9%E3%82%B9%20%E5%8D%97%E5%9F%8E%E5%B8%82">구글 지도에서 길찾기</a>]]></description><styleUrl>#s0</styleUrl><Point><coordinates>127.77056,26.16321,0</coordinates></Point></Placemark>
<Placemark><name>카페 쿠루쿠마</name><description><![CDATA[<b>분류</b>: 카페<br><b>지역</b>: 남부 난조시<br><b>설명</b>: "하늘의 태국"이라 불릴 만큼 태국 본토에서도 인정한 요리와 태평양 절경을 함께 내세우는 아시안 허브 레스토랑. 베니이모 몽블랑이 인기 메뉴.<br><b>주차</b>: 있음<br><a href="https://www.google.com/maps/search/?api=1&amp;query=%E3%82%AB%E3%83%95%E3%82%A7%E3%81%8F%E3%82%8B%E3%81%8F%E3%81%BE%20%E5%8D%97%E5%9F%8E%E5%B8%82">구글 지도에서 길찾기</a>]]></description><styleUrl>#s0</styleUrl><Point><coordinates>127.81227,26.1624,0</coordinates></Point></Placemark>
<Placemark><name>텐쿠 테라스 오오루</name><description><![CDATA[<b>분류</b>: 카페<br><b>지역</b>: 남부 난조시<br><b>설명</b>: 고지대 매장 큰 창으로 나카구스쿠 만(라군블루)을 한눈에 담을 수 있으며, 대표 메뉴는 오오루 오므라이스.<br><a href="https://www.google.com/maps/search/?api=1&amp;query=Tenku%20terrace%20OOLOO%20%E5%8D%97%E5%9F%8E%E5%B8%82">구글 지도에서 길찾기</a>]]></description><styleUrl>#s0</styleUrl><Point><coordinates>127.77056,26.16321,0</coordinates></Point></Placemark>
<Placemark><name>카페 수린</name><description><![CDATA[<b>분류</b>: 카페<br><b>지역</b>: 남부 난조시<br><b>설명</b>: 오키나와에서 유일하게 서벌캣을 사육하는 카페. 아침 카페(모닝 영업)도 한다.<br><b>영업</b>: 7:30~10:00, 11:00~16:00<br><b>휴무</b>: 부정기<br><b>주소</b>: 沖縄県南城市大里古堅527-1<br><a href="https://www.google.com/maps/search/?api=1&amp;query=cafe%20Surin%20%E5%8D%97%E5%9F%8E%E5%B8%82%E5%A4%A7%E9%87%8C%E5%8F%A4%E5%A0%85">구글 지도에서 길찾기</a>]]></description><styleUrl>#s0</styleUrl><Point><coordinates>127.74956,26.18895,0</coordinates></Point></Placemark>
<Placemark><name>카루카페</name><description><![CDATA[<b>분류</b>: 카페<br><b>지역</b>: 남부 난조시<br><b>설명</b>: 지역 주민이 모이는 인기 카페. 현지 식재료를 쓴 런치에 디저트가 함께 나온다.<br><b>영업</b>: 11:00~15:00, 18:00~22:00<br><b>휴무</b>: 일요일<br><b>주소</b>: 沖縄県南城市玉城前川418-1<br><a href="https://www.google.com/maps/search/?api=1&amp;query=%E3%82%AB%E3%83%AB%E3%82%AB%E3%83%95%E3%82%A7%20%E5%8D%97%E5%9F%8E%E5%B8%82%E7%8E%89%E5%9F%8E%E5%89%8D%E5%B7%9D">구글 지도에서 길찾기</a>]]></description><styleUrl>#s0</styleUrl><Point><coordinates>127.74932,26.14613,0</coordinates></Point></Placemark>
<Placemark><name>카페 이코이</name><description><![CDATA[<b>분류</b>: 카페<br><b>지역</b>: 남부 난조시<br><b>설명</b>: 글루텐프리·비건 대응 메뉴를 갖춘, 넓고 화이트 톤인 매장.<br><b>영업</b>: 12:00~17:00<br><b>휴무</b>: 일·월요일<br><b>주소</b>: 沖縄県南城市玉城前川546-2<br><a href="https://www.google.com/maps/search/?api=1&amp;query=cafe%20icoi%20%E5%8D%97%E5%9F%8E%E5%B8%82%E7%8E%89%E5%9F%8E%E5%89%8D%E5%B7%9D">구글 지도에서 길찾기</a>]]></description><styleUrl>#s0</styleUrl><Point><coordinates>127.74932,26.14613,0</coordinates></Point></Placemark>
<Placemark><name>카페 베리베리2</name><description><![CDATA[<b>분류</b>: 카페<br><b>지역</b>: 남부 난조시<br><b>설명</b>: 좌식 좌석도 있어 아이 동반에 좋고, 런치에는 드링크바와 디저트가 함께 나온다.<br><b>영업</b>: 11:00~15:00, 17:00~22:00<br><b>휴무</b>: 월요일<br><b>주소</b>: 沖縄県南城市佐敷佐敷488<br><a href="https://www.google.com/maps/search/?api=1&amp;query=%E3%82%AB%E3%83%95%E3%82%A7%20%E3%83%99%E3%83%AA%E3%83%BC%E3%83%99%E3%83%AA%E3%83%BC2%20%E5%8D%97%E5%9F%8E%E5%B8%82%E4%BD%90%E6%95%B7">구글 지도에서 길찾기</a>]]></description><styleUrl>#s0</styleUrl><Point><coordinates>127.78935,26.16835,0</coordinates></Point></Placemark>
<Placemark><name>커피바루 이프루</name><description><![CDATA[<b>분류</b>: 카페<br><b>지역</b>: 남부 난조시<br><b>설명</b>: 선인장 밭 옆에 위치한 SNS 화제 카페. 드라이브 스루도 가능하다.<br><b>영업</b>: 7:30~16:00<br><b>휴무</b>: 금·토요일<br><b>주차</b>: 있음<br><b>주소</b>: 沖縄県南城市玉城船越1031<br><a href="https://www.google.com/maps/search/?api=1&amp;query=%E7%8F%88%E7%90%B2%E3%83%90%E3%83%AB%E3%82%A4%E3%83%97%E3%83%AB%20%E5%8D%97%E5%9F%8E%E5%B8%82%E7%8E%89%E5%9F%8E%E8%88%B9%E8%B6%8A">구글 지도에서 길찾기</a>]]></description><styleUrl>#s0</styleUrl><Point><coordinates>127.75585,26.15422,0</coordinates></Point></Placemark>
<Placemark><name>코사나 키친 루포</name><description><![CDATA[<b>분류</b>: 카페<br><b>지역</b>: 남부 난조시<br><b>설명</b>: 바다가 보이는 개방적인 분위기의 카페. 오키나와 전통 디저트 "포포"를 맛볼 수 있다.<br><b>영업</b>: 10:00~18:00<br><b>휴무</b>: 화요일<br><b>주소</b>: 沖縄県南城市玉城中山157<br><a href="https://www.google.com/maps/search/?api=1&amp;query=%E5%B0%8F%E3%81%95%E3%81%AA%E3%82%AD%E3%83%83%E3%83%81%E3%83%B3%20Repos%20%E3%83%AB%E3%83%9D%20%E5%8D%97%E5%9F%8E%E5%B8%82%E7%8E%89%E5%9F%8E%E4%B8%AD%E5%B1%B1">구글 지도에서 길찾기</a>]]></description><styleUrl>#s0</styleUrl><Point><coordinates>127.77806,26.14072,0</coordinates></Point></Placemark>
<Placemark><name>야마노차야 라쿠스이</name><description><![CDATA[<b>분류</b>: 카페<br><b>지역</b>: 남부 난조시<br><b>설명</b>: 숲속에 숨은 은신처 같은 카페. 자가제 밀가루로 만든 피자가 인기.<br><a href="https://www.google.com/maps/search/?api=1&amp;query=%E5%B1%B1%E3%81%AE%E8%8C%B6%E5%B1%8B%20%E6%A5%BD%E6%B0%B4%20%E5%8D%97%E5%9F%8E%E5%B8%82">구글 지도에서 길찾기</a>]]></description><styleUrl>#s0</styleUrl><Point><coordinates>127.78378,26.1352,0</coordinates></Point></Placemark>
<Placemark><name>미카페 코코치</name><description><![CDATA[<b>분류</b>: 카페<br><b>지역</b>: 남부 이토만시<br><b>설명</b>: 이토만산 채소를 듬뿍 쓴 메뉴와 바다를 내다보는 절경이 함께하는 카페. 디저트 평가도 좋다.<br><b>주소</b>: 沖縄県糸満市真栄里<br><a href="https://www.google.com/maps/search/?api=1&amp;query=mi-cafe%20%E3%81%93%E3%81%93%E3%81%A1%20%E7%B3%B8%E6%BA%80%E5%B8%82%E7%9C%9F%E6%A0%84%E9%87%8C">구글 지도에서 길찾기</a>]]></description><styleUrl>#s0</styleUrl><Point><coordinates>127.67449,26.11727,0</coordinates></Point></Placemark>
<Placemark><name>해먹카페 라 이슬라</name><description><![CDATA[<b>분류</b>: 카페<br><b>지역</b>: 남부 세나가지마<br><b>설명</b>: 세나가지마 우미카지테라스 안, 해먹에 누워 바다를 보며 쉴 수 있는 카페.<br><b>주차</b>: 있음(우미카지테라스 공용)<br><b>주소</b>: 沖縄県豊見城市字瀬長174-6 瀬長島ウミカジテラス<br><a href="https://www.google.com/maps/search/?api=1&amp;query=%E3%83%8F%E3%83%B3%E3%83%A2%E3%83%83%E3%82%AF%E3%82%AB%E3%83%95%E3%82%A7%20%E3%83%A9%E3%83%BB%E3%82%A4%E3%82%B9%E3%83%A9%20%E7%80%AC%E9%95%B7%E5%B3%B6%E3%82%A6%E3%83%9F%E3%82%AB%E3%82%B8%E3%83%86%E3%83%A9%E3%82%B9">구글 지도에서 길찾기</a>]]></description><styleUrl>#s0</styleUrl><Point><coordinates>127.6559,26.17529,0</coordinates></Point></Placemark>
<Placemark><name>가루리라루루스</name><description><![CDATA[<b>분류</b>: 카페<br><b>지역</b>: 남부 세나가지마<br><b>설명</b>: 우미카지테라스 내 인기 순위권 카페.<br><b>주차</b>: 있음(우미카지테라스 공용)<br><b>주소</b>: 瀬長島ウミカジテラス No.46<br><a href="https://www.google.com/maps/search/?api=1&amp;query=%E3%82%AC%E3%83%AB%E3%83%AA%E3%83%A9%E3%83%AB%E3%83%AB%E3%82%B9%20%E7%80%AC%E9%95%B7%E5%B3%B6%E3%82%A6%E3%83%9F%E3%82%AB%E3%82%B8%E3%83%86%E3%83%A9%E3%82%B9">구글 지도에서 길찾기</a>]]></description><styleUrl>#s0</styleUrl><Point><coordinates>127.64041,26.17639,0</coordinates></Point></Placemark>
<Placemark><name>리조트 카페 카이</name><description><![CDATA[<b>분류</b>: 카페<br><b>지역</b>: 남부 도미구스쿠시<br><b>설명</b>: 도요사키 해변 근처에서 리조트 분위기를 즐길 수 있는 카페.<br><a href="https://www.google.com/maps/search/?api=1&amp;query=%E3%83%AA%E3%82%BE%E3%83%BC%E3%83%88%E3%82%AB%E3%83%95%E3%82%A7%E3%82%AB%E3%82%A4%20%E8%B1%8A%E8%A6%8B%E5%9F%8E%E5%B8%82%E8%B1%8A%E5%B4%8E">구글 지도에서 길찾기</a>]]></description><styleUrl>#s0</styleUrl><Point><coordinates>127.6562,26.15569,0</coordinates></Point></Placemark>
<Placemark><name>코치</name><description><![CDATA[<b>분류</b>: 카페<br><b>지역</b>: 남부 야에세초<br><b>설명</b>: 지은 지 65년 된 고민가를 리노베이션한 공간에서 오키나와 전통 과자와 차를 즐길 수 있는 레트로 모던 카페. 2024년 8월 오픈.<br><a href="https://www.google.com/maps/search/?api=1&amp;query=koti%20%E5%85%AB%E9%87%8D%E7%80%AC%E7%94%BA">구글 지도에서 길찾기</a>]]></description><styleUrl>#s0</styleUrl><Point><coordinates>127.71875,26.15827,0</coordinates></Point></Placemark>
<Placemark><name>고항카페 쿠쿠루</name><description><![CDATA[<b>분류</b>: 카페<br><b>지역</b>: 남부 야에세초<br><b>설명</b>: 건강한 런치가 인기인 카페. 넓고 세련된 매장에 두부 햄버거와 스콘 평가가 좋다. 주차 가능. 일·월·화요일 휴무.<br><b>영업</b>: 런치 11:00~15:00, 카페 14:00~17:00<br><b>휴무</b>: 일·월·화요일<br><b>주차</b>: 있음<br><a href="https://www.google.com/maps/search/?api=1&amp;query=CUCURU%20%E3%82%AF%E3%82%AF%E3%83%AB%20%E5%85%AB%E9%87%8D%E7%80%AC%E7%94%BA">구글 지도에서 길찾기</a>]]></description><styleUrl>#s0</styleUrl><Point><coordinates>127.71875,26.15827,0</coordinates></Point></Placemark>
<Placemark><name>히요탄 카페</name><description><![CDATA[<b>분류</b>: 카페<br><b>지역</b>: 남부 야에세초<br><b>설명</b>: 야에세초·요나바루초·난조시 방면에서 흔치 않게 아침 8시부터 문을 여는 카페. SNS에서도 화제인 모닝·런치 메뉴.<br><b>영업</b>: 8:00부터 영업<br><a href="https://www.google.com/maps/search/?api=1&amp;query=%E3%81%B2%E3%82%87%E3%81%86%E3%81%9F%E3%82%93CAFE%20%E5%85%AB%E9%87%8D%E7%80%AC%E7%94%BA">구글 지도에서 길찾기</a>]]></description><styleUrl>#s0</styleUrl><Point><coordinates>127.71875,26.15827,0</coordinates></Point></Placemark>
<Placemark><name>키친 유쿠루</name><description><![CDATA[<b>분류</b>: 카페<br><b>지역</b>: 남부 야에세초<br><b>설명</b>: "미나미노에키 야에세" 휴게소 안에 있는 평점 좋은 카페.<br><b>영업</b>: 10:00~18:00<br><b>주차</b>: 있음<br><b>주소</b>: 沖縄県八重瀬町具志頭659 南の駅やえせ<br><a href="https://www.google.com/maps/search/?api=1&amp;query=%E3%82%AD%E3%83%83%E3%83%81%E3%83%B3%20%E3%82%86%E3%81%A3%E3%81%8F%E3%82%8B%20%E5%8D%97%E3%81%AE%E9%A7%85%E3%82%84%E3%81%88%E3%81%9B%20%E5%85%AB%E9%87%8D%E7%80%AC%E7%94%BA">구글 지도에서 길찾기</a>]]></description><styleUrl>#s0</styleUrl><Point><coordinates>127.74752,26.12192,0</coordinates></Point></Placemark>
<Placemark><name>우마치 카페</name><description><![CDATA[<b>분류</b>: 카페<br><b>지역</b>: 남부 야에세초<br><b>설명</b>: 2024년 3월 오픈한 글루텐프리 자연식 카페. 서부 플라자 공원 허브체험 공방 안에 있으며 큰 창으로 야에세의 파란 하늘과 마을 풍경이 보인다. 나하공항에서 30분.<br><b>주차</b>: 있음<br><b>주소</b>: 沖縄県八重瀬町東風平 西部プラザ公園<br><a href="https://www.google.com/maps/search/?api=1&amp;query=%E3%81%86%E3%81%BE%E3%81%A1%E3%83%BC%E3%82%AB%E3%83%95%E3%82%A7%20%E5%85%AB%E9%87%8D%E7%80%AC%E7%94%BA%E6%9D%B1%E9%A2%A8%E5%B9%B3">구글 지도에서 길찾기</a>]]></description><styleUrl>#s0</styleUrl><Point><coordinates>127.71896,26.15427,0</coordinates></Point></Placemark>
<Placemark><name>오 마이 굿니스 베이커리 이치코</name><description><![CDATA[<b>분류</b>: 베이커리<br><b>지역</b>: 남부 하에바루<br><b>설명</b>: 국산 밀가루를 쓰고 수제 소스와 크림을 올린 하에바루의 인기 베이커리.<br><b>영업</b>: 9:00~18:00<br><b>휴무</b>: 일·월요일<br><b>주소</b>: 沖縄県島尻郡南風原町津嘉山<br><a href="https://www.google.com/maps/search/?api=1&amp;query=OH%20MY%20GOODNESS%20BAKERY%20ichiko%20%E5%8D%97%E9%A2%A8%E5%8E%9F%E7%94%BA%E6%B4%A5%E5%98%89%E5%B1%B1">구글 지도에서 길찾기</a>]]></description><styleUrl>#s0</styleUrl><Point><coordinates>127.71308,26.18979,0</coordinates></Point></Placemark>
<Placemark><name>류류 커피 앤 베이크</name><description><![CDATA[<b>분류</b>: 카페<br><b>지역</b>: 남부 하에바루<br><b>설명</b>: 글루텐프리 구움과자와 커피를 함께 즐길 수 있는 하에바루 카페.<br><b>영업</b>: 11:00~17:00<br><b>휴무</b>: 일·월요일<br><b>주소</b>: 沖縄県島尻郡南風原町津嘉山<br><a href="https://www.google.com/maps/search/?api=1&amp;query=ryuryu%20coffee%20and%20bake%20%E5%8D%97%E9%A2%A8%E5%8E%9F%E7%94%BA%E6%B4%A5%E5%98%89%E5%B1%B1">구글 지도에서 길찾기</a>]]></description><styleUrl>#s0</styleUrl><Point><coordinates>127.71308,26.18979,0</coordinates></Point></Placemark>
<Placemark><name>굿데이 커피</name><description><![CDATA[<b>분류</b>: 카페<br><b>지역</b>: 중부 하마가와<br><b>설명</b>: 옛 외국인주택을 개조한 카페로 아침 6시부터 문을 열어 오키나와에서 드물게 이른 아침식사를 즐길 수 있다. 호주식 브런치 메뉴가 인기.<br><b>영업</b>: 매일 6:00~15:00 (L.O.14:00)<br><b>휴무</b>: 월요일<br><b>주차</b>: 점포 앞 3~4대<br><b>주소</b>: 沖縄県中頭郡北谷町浜川178-1<br><a href="https://www.google.com/maps/search/?api=1&amp;query=GOOD%20DAY%20COFFEE%20%E5%8C%97%E8%B0%B7%E7%94%BA%E6%B5%9C%E5%B7%9D">구글 지도에서 길찾기</a>]]></description><styleUrl>#s0</styleUrl><Point><coordinates>127.75384,26.32709,0</coordinates></Point></Placemark>
<Placemark><name>하와이안 팬케이크 하우스 파니라니</name><description><![CDATA[<b>분류</b>: 카페<br><b>지역</b>: 중부 세라가키<br><b>설명</b>: 오키나와를 대표하는 하와이안 팬케이크 전문점. 아침 7시부터 영업해 리조트 지역 관광객과 현지인 모두에게 인기.<br><b>영업</b>: 7:00~17:00 (L.O.16:30)<br><b>휴무</b>: 연중무휴<br><b>주차</b>: 있음<br><b>주소</b>: 沖縄県国頭郡恩納村瀬良垣698<br><a href="https://www.google.com/maps/search/?api=1&amp;query=%E3%83%8F%E3%83%AF%E3%82%A4%E3%82%A2%E3%83%B3%E3%83%91%E3%83%B3%E3%82%B1%E3%83%BC%E3%82%AD%E3%83%8F%E3%82%A6%E3%82%B9%20%E3%83%91%E3%83%8B%E3%83%A9%E3%83%8B%20%E6%81%A9%E7%B4%8D%E6%9D%91%E7%80%AC%E8%89%AF%E5%9E%A3">구글 지도에서 길찾기</a>]]></description><styleUrl>#s0</styleUrl><Point><coordinates>127.8703,26.50574,0</coordinates></Point></Placemark>
<Placemark><name>씨앤씨 브렉퍼스트 오키나와</name><description><![CDATA[<b>분류</b>: 카페<br><b>지역</b>: 나하 마쓰오/마키시 공설시장 부근<br><b>설명</b>: 뉴욕·하와이 스타일 조식을 표방하는 카페. 마키시 공설시장 근처에 위치해 국제거리 관광 중 아침식사로 인기.<br><b>영업</b>: 평일 9:00~15:00(L.O.14:00), 토·일·공휴일 8:00~15:00(L.O.14:00)<br><b>휴무</b>: 화요일<br><b>주차</b>: 없음<br><b>주소</b>: 沖縄県那覇市松尾2-9-6タカミネビル1F<br><a href="https://www.google.com/maps/search/?api=1&amp;query=C%26C%20BREAKFAST%20OKINAWA%20%E9%82%A3%E8%A6%87%E5%B8%82%E6%9D%BE%E5%B0%BE">구글 지도에서 길찾기</a>]]></description><styleUrl>#s0</styleUrl><Point><coordinates>127.68695,26.21423,0</coordinates></Point></Placemark>
<Placemark><name>쿠마 카페</name><description><![CDATA[<b>분류</b>: 카페<br><b>지역</b>: 나하 마키시/미에바시역<br><b>설명</b>: 베어브릭 피규어가 가득한 아기자기한 카페. 8~11시 모닝 타임에는 음료에 토스트가 딸려 나온다.<br><b>영업</b>: 목·금·토·월·화 8:00~11:00(L.O.10:20), 12:00~18:00 / 일요일 12:00~18:00(모닝 없음)<br><b>휴무</b>: 수·목요일<br><b>주차</b>: 없음<br><b>주소</b>: 沖縄県那覇市牧志2丁目21-1 小湾ビル1F<br><a href="https://www.google.com/maps/search/?api=1&amp;query=kuma%20cafe%20%E9%82%A3%E8%A6%87%E5%B8%82%E7%89%A7%E5%BF%97%20%E5%B0%8F%E6%B9%BE%E3%83%93%E3%83%AB">구글 지도에서 길찾기</a>]]></description><styleUrl>#s0</styleUrl><Point><coordinates>127.69259,26.21719,0</coordinates></Point></Placemark>
<Placemark><name>오하코르테 미나토가와 본점</name><description><![CDATA[<b>분류</b>: 카페<br><b>지역</b>: 중부 우라소에 미나토가와<br><b>설명</b>: 하늘색과 흰색으로 칠해진 외인주택을 그대로 살린 외관의 과일타르트 전문점. 미나토가와 외인주택가를 대표하는 인기점으로, 계절 과일을 듬뿍 올린 타르트가 간판 메뉴다.<br><b>영업</b>: 11:30~19:00<br><b>휴무</b>: 화요일<br><b>주차</b>: 있음<br><b>주소</b>: 沖縄県浦添市港川2丁目17-1 #18<br><a href="https://www.google.com/maps/search/?api=1&amp;query=oHacort%C3%A9%20%E6%B8%AF%E5%B7%9D%E6%9C%AC%E5%BA%97%20%E6%B5%A6%E6%B7%BB%E5%B8%82%E6%B8%AF%E5%B7%9D">구글 지도에서 길찾기</a>]]></description><styleUrl>#s0</styleUrl><Point><coordinates>127.71241,26.26782,0</coordinates></Point></Placemark>
<Placemark><name>코코후</name><description><![CDATA[<b>분류</b>: 카페<br><b>지역</b>: 중부 우라소에 미나토가와<br><b>설명</b>: 미나토가와 스테이츠사이드타운 안 숨은 카페. 식물성 재료만 쓴 스무디·크레페·아이스 등 비건 디저트를 낸다.<br><b>영업</b>: 13:00~19:00<br><b>휴무</b>: 자료 상이(부정기 휴무 또는 무휴로 표기, 확인 필요)<br><b>주차</b>: 있음<br><b>주소</b>: 沖縄県浦添市港川2-12-7 No.50<br><a href="https://www.google.com/maps/search/?api=1&amp;query=COKOFU%20%E6%B8%AF%E5%B7%9D%20%E6%B5%A6%E6%B7%BB">구글 지도에서 길찾기</a>]]></description><styleUrl>#s0</styleUrl><Point><coordinates>127.71241,26.26782,0</coordinates></Point></Placemark>
<Placemark><name>오키나와 세라도 커피</name><description><![CDATA[<b>분류</b>: 카페<br><b>지역</b>: 중부 우라소에 미나토가와<br><b>설명</b>: 미나토가와 외인주택가의 초록색 집에 자리한 원두 커피 전문점. 과일향이 살아있는 깔끔한 아이스커피로 알려져 있다.<br><b>영업</b>: 11:00~18:00<br><b>휴무</b>: 부정기 휴무<br><b>주차</b>: 있음<br><b>주소</b>: 沖縄県浦添市港川2-15-5<br><a href="https://www.google.com/maps/search/?api=1&amp;query=%E6%B2%96%E7%B8%84%E3%82%BB%E3%83%A9%E3%83%BC%E3%83%89%E3%82%B3%E3%83%BC%E3%83%92%E3%83%BC%20%E6%B8%AF%E5%B7%9D%20%E6%B5%A6%E6%B7%BB">구글 지도에서 길찾기</a>]]></description><styleUrl>#s0</styleUrl><Point><coordinates>127.71241,26.26782,0</coordinates></Point></Placemark>
<Placemark><name>코코로아 카페</name><description><![CDATA[<b>분류</b>: 카페<br><b>지역</b>: 중부 우라소에 미나토가와<br><b>설명</b>: 글루텐프리 쌀가루 팬케이크로 유명한 카페. 하얀 외인주택 실내에서 여유롭게 즐기기 좋다.<br><b>영업</b>: 11:00~18:00(L.O.17:00)<br><b>휴무</b>: 수요일<br><b>주차</b>: 있음<br><b>주소</b>: 沖縄県浦添市港川2-17-7 港川ステイツサイドタウン15<br><a href="https://www.google.com/maps/search/?api=1&amp;query=COCOROAR%20CAFE%20%E6%B8%AF%E5%B7%9D%20%E6%B5%A6%E6%B7%BB">구글 지도에서 길찾기</a>]]></description><styleUrl>#s0</styleUrl><Point><coordinates>127.71241,26.26782,0</coordinates></Point></Placemark>
<Placemark><name>카페 앤 다이너 1363</name><description><![CDATA[<b>분류</b>: 카페<br><b>지역</b>: 중부 우라소에 미나토가와<br><b>설명</b>: 하루 종일 식사와 음료를 함께 즐길 수 있는 카페 겸 다이너.<br><b>영업</b>: 11:30~21:00<br><b>휴무</b>: 수요일<br><b>주차</b>: 있음<br><b>주소</b>: 沖縄県浦添市港川2丁目17-6<br><a href="https://www.google.com/maps/search/?api=1&amp;query=%E3%82%AB%E3%83%95%E3%82%A7%26%E3%83%80%E3%82%A4%E3%83%8A%E3%83%BC1363%20%E6%B8%AF%E5%B7%9D%20%E6%B5%A6%E6%B7%BB">구글 지도에서 길찾기</a>]]></description><styleUrl>#s0</styleUrl><Point><coordinates>127.71241,26.26782,0</coordinates></Point></Placemark>
<Placemark><name>킷사 니와토리</name><description><![CDATA[<b>분류</b>: 카페<br><b>지역</b>: 중부 우라소에 미나토가와<br><b>설명</b>: 천연효모빵집 ippe coppe 마당에 자리한 작은 찻집. 그 빵으로 만든 프렌치토스트 등을 낸다.<br><b>영업</b>: 13:00~17:00<br><b>휴무</b>: 화·수요일<br><b>주차</b>: 있음<br><b>주소</b>: 沖縄県浦添市港川2丁目16-1<br><a href="https://www.google.com/maps/search/?api=1&amp;query=%E5%96%AB%E8%8C%B6%E3%83%8B%E3%83%AF%E3%83%88%E3%83%AA%20%E6%B8%AF%E5%B7%9D%20%E6%B5%A6%E6%B7%BB">구글 지도에서 길찾기</a>]]></description><styleUrl>#s0</styleUrl><Point><coordinates>127.71241,26.26782,0</coordinates></Point></Placemark>
<Placemark><name>잇페 콧페</name><description><![CDATA[<b>분류</b>: 베이커리<br><b>지역</b>: 중부 우라소에 미나토가와<br><b>설명</b>: 안전한 재료만 골라 쓰는 천연효모 식빵 전문점. 오픈이 낮 12시반이라 늦게 가면 품절되기 쉽다.<br><b>영업</b>: 12:30~18:30<br><b>휴무</b>: 화·수요일, 셋째 주 월요일<br><b>주차</b>: 있음<br><b>주소</b>: 沖縄県浦添市港川2-16-1 No.26<br><a href="https://www.google.com/maps/search/?api=1&amp;query=ippe%20coppe%20%E6%B8%AF%E5%B7%9D%20%E6%B5%A6%E6%B7%BB">구글 지도에서 길찾기</a>]]></description><styleUrl>#s0</styleUrl><Point><coordinates>127.71241,26.26782,0</coordinates></Point></Placemark>
<Placemark><name>무나카타도</name><description><![CDATA[<b>분류</b>: 베이커리<br><b>지역</b>: 중부 기노완<br><b>설명</b>: 직접 지은 석가마에서 천연효모빵을 굽는 전국구 명물 빵집. 오키나와 흑설탕·얌바루 돼지고기 등 현지 재료를 넣은 빵이 특징으로, 전국에서 사람들이 찾아온다.<br><b>영업</b>: 10:00~18:00(드링크 L.O.16:30, 푸드 L.O.16:00)<br><b>휴무</b>: 수요일<br><b>주차</b>: 있음<br><b>주소</b>: 沖縄県宜野湾市嘉数1-20-2<br><a href="https://www.google.com/maps/search/?api=1&amp;query=%E5%AE%97%E5%83%8F%E5%A0%82%20%E5%AE%9C%E9%87%8E%E6%B9%BE%E5%B8%82%E5%98%89%E6%95%B0">구글 지도에서 길찾기</a>]]></description><styleUrl>#s0</styleUrl><Point><coordinates>127.73323,26.25518,0</coordinates></Point></Placemark>
<Placemark><name>로하스 가든 주주</name><description><![CDATA[<b>분류</b>: 카페<br><b>지역</b>: 중부 나카구스쿠<br><b>설명</b>: 중성만이 보이는 언덕 위 오가닉 카페 레스토랑. 현미 중심의 계절 정식과 음료 무한리필이 인기다.<br><b>영업</b>: 런치 11:30~14:30, 티타임 14:30~16:30(L.O.16:30)<br><b>휴무</b>: 화요일<br><b>주차</b>: 정보 없음<br><b>주소</b>: 沖縄県中頭郡中城村字奥間<br><a href="https://www.google.com/maps/search/?api=1&amp;query=%E3%83%AD%E3%83%8F%E3%82%B9%E3%83%BB%E3%82%AC%E3%83%BC%E3%83%87%E3%83%B3%E6%A8%B9%E3%80%85%20%E4%B8%AD%E5%9F%8E%E6%9D%91%E5%A5%A5%E9%96%93">구글 지도에서 길찾기</a>]]></description><styleUrl>#s0</styleUrl><Point><coordinates>127.78841,26.25319,0</coordinates></Point></Placemark>
<Placemark><name>카페101</name><description><![CDATA[<b>분류</b>: 카페<br><b>지역</b>: 중부 나카구스쿠<br><b>설명</b>: 자갈길 안쪽 계단을 올라야 나오는, 언덕 위 숨은 카페. 오너가 직접 운영하는 망고 농장에서 나온 망고 메뉴가 특별하다.<br><b>영업</b>: 오전~점심 시간대 위주 운영(정확한 시간 자료 부족, 방문 전 확인 필요)<br><b>주차</b>: 정보 없음<br><b>주소</b>: 沖縄県中頭郡中城村字新垣101番地 2階<br><a href="https://www.google.com/maps/search/?api=1&amp;query=%E3%82%AB%E3%83%95%E3%82%A7101%20%E4%B8%AD%E5%9F%8E%E6%9D%91%E6%96%B0%E5%9E%A3">구글 지도에서 길찾기</a>]]></description><styleUrl>#s0</styleUrl><Point><coordinates>127.78305,26.25706,0</coordinates></Point></Placemark>
<Placemark><name>후시쿠부 카페</name><description><![CDATA[<b>분류</b>: 카페<br><b>지역</b>: 북부 구니가미손<br><b>설명</b>: 오키나와 본섬 최북단 헤도미사키(辺戸岬) 관광안내소 'HEAD LINE' 2층에 있는, 문자 그대로 '본섬 최북단 카페'. 태평양과 동중국해가 동시에 보이는 파노라마 카운터석 하나만으로 나하에서 2시간 운전할 이유가 된다.<br><b>영업</b>: 10:00~17:00 (라스트오더 16:30)<br><b>주차</b>: 있음 (무료)<br><b>주소</b>: 沖縄県国頭郡国頭村辺戸973-5 2F<br><a href="https://www.google.com/maps/search/?api=1&amp;query=%E3%81%B5%E3%81%97%E3%81%8F%E3%81%B6%E3%82%AB%E3%83%95%E3%82%A7%20%E5%9B%BD%E9%A0%AD%E6%9D%91%E8%BE%BA%E6%88%B8">구글 지도에서 길찾기</a>]]></description><styleUrl>#s0</styleUrl><Point><coordinates>128.26318,26.85801,0</coordinates></Point></Placemark>
<Placemark><name>북카페 오키나와 레일</name><description><![CDATA[<b>분류</b>: 카페<br><b>지역</b>: 북부 구니가미손<br><b>설명</b>: 구니가미손 오오쿠니 임도(大国林道) 옆, 전기선조차 없는 곳에서 태양광으로만 운영하는 오프그리드 북카페. 벽 한 면 가득한 책과 얀바루 원시림 소리만 있는 완전한 은둔형 공간이라 '일본인만 아는' 감성 그 자체다.<br><b>휴무</b>: 운영 상태(요일·시간) 재확인 필요 — 공식 사이트에 상세 영업시간 명시 없음<br><b>주차</b>: 정보 없음<br><a href="https://www.google.com/maps/search/?api=1&amp;query=Bookcafe%20Okinawa%20Rail%20%E5%9B%BD%E9%A0%AD%E6%9D%91">구글 지도에서 길찾기</a>]]></description><styleUrl>#s0</styleUrl><Point><coordinates>128.17829,26.74575,0</coordinates></Point></Placemark>
<Placemark><name>가지만로</name><description><![CDATA[<b>분류</b>: 카페<br><b>지역</b>: 북부 오기미손<br><b>설명</b>: 얀바루 숲에 둘러싸인, 자가 재배 시콰사(シークヮーサー) 주스와 수제 케이크가 나오는 소규모 카페. 영업일이 주 4일(월~목)뿐이라 관광객이 우연히 걸리기 어려운, 딱 '穴場'다운 곳.<br><b>영업</b>: 월~목 11:00~18:00<br><b>휴무</b>: 금~일요일 휴무 (요일 확인 후 방문 필수)<br><b>주차</b>: 있음 (4~5대)<br><b>주소</b>: 沖縄県国頭郡大宜味村字大宜味923-3<br><a href="https://www.google.com/maps/search/?api=1&amp;query=%E3%81%8C%E3%81%98%E3%81%BE%E3%82%93%E3%82%8D%E3%83%BC%20%E5%A4%A7%E5%AE%9C%E5%91%B3%E6%9D%91">구글 지도에서 길찾기</a>]]></description><styleUrl>#s0</styleUrl><Point><coordinates>128.11749,26.69856,0</coordinates></Point></Placemark>
<Placemark><name>카페 쿠에부</name><description><![CDATA[<b>분류</b>: 카페<br><b>지역</b>: 북부 히가시손<br><b>설명</b>: 자가재배 무농약 채소로 만든 식사와 디저트를 내는, 정갈하게 손질된 정원이 있는 동촌(東村)의 소규모 카페. 게사시 맹그로브 카약 체험과 묶어 들르기 좋은 위치다.<br><b>영업</b>: 정보 확인 필요<br><b>휴무</b>: 일부 정보원에서 '현재 휴업 중일 가능성' 언급 — 방문 전 전화(0980-43-3555) 확인 필수<br><b>주차</b>: 정보 없음<br><b>주소</b>: 沖縄県国頭郡東村字慶佐次758-104<br><a href="https://www.google.com/maps/search/?api=1&amp;query=CAFE%20%E3%81%8F%E3%81%87%E3%81%B6%E3%81%85%20%E6%9D%B1%E6%9D%91">구글 지도에서 길찾기</a>]]></description><styleUrl>#s0</styleUrl><Point><coordinates>128.14461,26.60251,0</coordinates></Point></Placemark>
<Placemark><name>스이엔</name><description><![CDATA[<b>분류</b>: 베이커리<br><b>지역</b>: 중부 요미탄<br><b>설명</b>: 座喜味城跡 근처, 지은 지 100년 된 붉은기와 고민가를 고친 천연효모 빵집. 마당에 당나귀와 가주마루 나무가 있어 지브리 애니메이션 같은 분위기.<br><b>영업</b>: 10:30~일몰 무렵(매진되면 조기 종료)<br><b>휴무</b>: 주 3~4일만 영업, 비정기 휴무가 많아 방문 전 SNS·전화 확인 필수<br><b>주차</b>: 있음<br><b>주소</b>: 沖縄県中頭郡読谷村座喜味367<br><a href="https://www.google.com/maps/search/?api=1&amp;query=%E6%B0%B4%E5%86%86%20%E8%AA%AD%E8%B0%B7%E6%9D%91">구글 지도에서 길찾기</a>]]></description><styleUrl>#s0</styleUrl><Point><coordinates>127.75143,26.40529,0</coordinates></Point></Placemark>
<Placemark><name>오토나리야</name><description><![CDATA[<b>분류</b>: 베이커리<br><b>지역</b>: 중부 요미탄<br><b>설명</b>: 요미탄손에 조용히 숨어 있는 오가닉 베이커리. 관광 정보보다 현지인 입소문으로 알려진 「隠れ家」 스타일의 빵집.<br><b>영업</b>: 확인 필요<br><b>휴무</b>: 비정기 휴무 가능성 있음, 방문 전 확인 권장<br><b>주차</b>: 확인 필요<br><a href="https://www.google.com/maps/search/?api=1&amp;query=%E3%81%8A%E3%81%A8%E3%81%AA%E3%82%8A%E3%82%84%20%E8%AA%AD%E8%B0%B7%E6%9D%91">구글 지도에서 길찾기</a>]]></description><styleUrl>#s0</styleUrl><Point><coordinates>127.74495,26.39612,0</coordinates></Point></Placemark>
<Placemark><name>카페갤러리 츠치바나츠치바나</name><description><![CDATA[<b>분류</b>: 카페<br><b>지역</b>: 중부 온나손<br><b>설명</b>: 동중국해가 한눈에 보이는 전망 카페. 류큐야키 도자기 갤러리가 함께 있어 식사 후 그릇 구경도 가능.<br><b>영업</b>: 월~토 8:00~18:00<br><b>휴무</b>: 일요일 휴무<br><b>주차</b>: 있음<br><b>주소</b>: 沖縄県国頭郡恩納村前兼久241-3<br><a href="https://www.google.com/maps/search/?api=1&amp;query=%E3%82%AB%E3%83%95%E3%82%A7%E3%82%AE%E3%83%A3%E3%83%A9%E3%83%AA%E3%83%BC%E5%9C%9F%E8%8A%B1%E5%9C%9F%E8%8A%B1%20%E6%81%A9%E7%B4%8D%E6%9D%91">구글 지도에서 길찾기</a>]]></description><styleUrl>#s0</styleUrl><Point><coordinates>127.806,26.44963,0</coordinates></Point></Placemark>
<Placemark><name>타이거비치카페</name><description><![CDATA[<b>분류</b>: 카페<br><b>지역</b>: 중부 온나손<br><b>설명</b>: 호텔에 부속된 비치사이드 카페. 런치와 BBQ를 함께 즐길 수 있다.<br><b>영업</b>: 11:30~14:30, 17:30~21:30<br><b>휴무</b>: 화요일 휴무(계절 영업)<br><b>주차</b>: 있음<br><b>주소</b>: 沖縄県国頭郡恩納村字冨着1550-1<br><a href="https://www.google.com/maps/search/?api=1&amp;query=%E3%82%BF%E3%82%A4%E3%82%AC%E3%83%BC%E3%83%93%E3%83%BC%E3%83%81%E3%82%AB%E3%83%95%E3%82%A7%20%E6%81%A9%E7%B4%8D%E6%9D%91">구글 지도에서 길찾기</a>]]></description><styleUrl>#s0</styleUrl><Point><coordinates>127.80932,26.45433,0</coordinates></Point></Placemark>
<Placemark><name>다이아몬드비치카페</name><description><![CDATA[<b>분류</b>: 카페<br><b>지역</b>: 중부 온나손<br><b>설명</b>: 비치까지 도보 10초 거리, 본격 와플이 자랑인 오션뷰 카페. 우미가메나 고래도 관찰할 수 있다는 후기가 있다.<br><b>영업</b>: 여름철 9:00~18:00, 겨울철 9:00~17:00<br><b>휴무</b>: 부정기 휴무<br><b>주차</b>: 있음<br><b>주소</b>: 沖縄県国頭郡恩納村瀬良垣498-1<br><a href="https://www.google.com/maps/search/?api=1&amp;query=%E3%83%80%E3%82%A4%E3%83%A4%E3%83%A2%E3%83%B3%E3%83%89%E3%83%93%E3%83%BC%E3%83%81%E3%82%AB%E3%83%95%E3%82%A7%20%E6%81%A9%E7%B4%8D%E6%9D%91">구글 지도에서 길찾기</a>]]></description><styleUrl>#s0</styleUrl><Point><coordinates>127.8703,26.50574,0</coordinates></Point></Placemark>
<Placemark><name>트립카페 오키나와</name><description><![CDATA[<b>분류</b>: 카페<br><b>지역</b>: 중부 온나손<br><b>설명</b>: 세련된 인테리어와 테라스석이 있는 카페. 옥상 테라스에서 팬케이크를 즐길 수 있고 테이크아웃도 가능.<br><b>영업</b>: 10:00~18:00<br><b>휴무</b>: 부정기 휴무<br><b>주차</b>: 있음<br><b>주소</b>: 沖縄県国頭郡恩納村字前兼久466-1<br><a href="https://www.google.com/maps/search/?api=1&amp;query=trip%20cafe%20Okinawa%20%E6%81%A9%E7%B4%8D%E6%9D%91">구글 지도에서 길찾기</a>]]></description><styleUrl>#s0</styleUrl><Point><coordinates>127.806,26.44963,0</coordinates></Point></Placemark>
<Placemark><name>더 브로스 샌드위치 스탠드</name><description><![CDATA[<b>분류</b>: 카페<br><b>지역</b>: 중부 온나손<br><b>설명</b>: 자가제 식빵으로 만든 볼륨감 있는 샌드위치 전문점. 애견 동반이 가능한 것도 특징.<br><b>영업</b>: 월·화·목~토 9:30~16:00<br><b>휴무</b>: 수요일 휴무<br><b>주차</b>: 있음<br><b>주소</b>: 沖縄県国頭郡恩納村山田590-1<br><a href="https://www.google.com/maps/search/?api=1&amp;query=The%20Bros%20SANDWICH%20STAND%20%E6%81%A9%E7%B4%8D%E6%9D%91">구글 지도에서 길찾기</a>]]></description><styleUrl>#s0</styleUrl><Point><coordinates>127.78007,26.4349,0</coordinates></Point></Placemark>
<Placemark><name>시하트</name><description><![CDATA[<b>분류</b>: 카페<br><b>지역</b>: 중부 온나손<br><b>설명</b>: 든든한 양의 카페 음식을 즐길 수 있는 곳. 테이크아웃도 대응.<br><b>영업</b>: 수~일 8:00~15:00<br><b>휴무</b>: 월·화요일 휴무<br><b>주차</b>: 있음<br><b>주소</b>: 沖縄県国頭郡恩納村山田1220-3<br><a href="https://www.google.com/maps/search/?api=1&amp;query=sea%20Heart%20%E6%81%A9%E7%B4%8D%E6%9D%91">구글 지도에서 길찾기</a>]]></description><styleUrl>#s0</styleUrl><Point><coordinates>127.78007,26.4349,0</coordinates></Point></Placemark>
<Placemark><name>빅블루 카페 다이닝</name><description><![CDATA[<b>분류</b>: 카페<br><b>지역</b>: 중부 온나손<br><b>설명</b>: 옥상 테라스에서 오션뷰를 즐기며 BBQ 체험도 가능한 다이닝 카페.<br><b>영업</b>: 11:00~21:00 (요일별 상이)<br><b>휴무</b>: 목·금요일 휴무<br><b>주차</b>: 있음<br><b>주소</b>: 沖縄県国頭郡恩納村瀬良垣1518-1<br><a href="https://www.google.com/maps/search/?api=1&amp;query=%E3%83%93%E3%83%83%E3%82%B0%E3%83%96%E3%83%AB%E3%83%BC%20%E3%82%AB%E3%83%95%E3%82%A7%20%E3%83%80%E3%82%A4%E3%83%8B%E3%83%B3%E3%82%B0%20%E6%81%A9%E7%B4%8D%E6%9D%91">구글 지도에서 길찾기</a>]]></description><styleUrl>#s0</styleUrl><Point><coordinates>127.8703,26.50574,0</coordinates></Point></Placemark>
<Placemark><name>핑크마린카페</name><description><![CDATA[<b>분류</b>: 카페<br><b>지역</b>: 중부 온나손<br><b>설명</b>: 온통 핑크색 외관이 SNS에서 눈에 띄는 카페. 트로피컬 스무디가 시그니처 메뉴.<br><b>영업</b>: 10:00~18:00<br><b>휴무</b>: 부정기 휴무<br><b>주차</b>: 있음<br><b>주소</b>: 沖縄県国頭郡恩納村瀬良垣1780<br><a href="https://www.google.com/maps/search/?api=1&amp;query=PINK%20MARINE%20CAF%C3%89%20%E6%81%A9%E7%B4%8D%E6%9D%91">구글 지도에서 길찾기</a>]]></description><styleUrl>#s0</styleUrl><Point><coordinates>127.8703,26.50574,0</coordinates></Point></Placemark>
<Placemark><name>츄라우미카페 카푸</name><description><![CDATA[<b>분류</b>: 카페<br><b>지역</b>: 중부 온나손<br><b>설명</b>: 바다 절경이 보이는 자리에서 과일이 가득 올라간 팬케이크를 즐길 수 있는 카페.<br><b>영업</b>: 월~금 10:00~17:00, 토·일·공휴일 9:00~17:00<br><b>휴무</b>: 수요일, 셋째 주 일요일 휴무<br><b>주차</b>: 있음<br><b>주소</b>: 沖縄県国頭郡恩納村真栄田2224-1<br><a href="https://www.google.com/maps/search/?api=1&amp;query=%E3%81%A1%E3%82%85%E3%82%89%E6%B5%B7%E3%82%AB%E3%83%95%E3%82%A7%20%E3%81%8B%E3%81%B5%E3%81%85%20%E6%81%A9%E7%B4%8D%E6%9D%91">구글 지도에서 길찾기</a>]]></description><styleUrl>#s0</styleUrl><Point><coordinates>127.76365,26.43189,0</coordinates></Point></Placemark>
<Placemark><name>카이호로카페</name><description><![CDATA[<b>분류</b>: 카페<br><b>지역</b>: 중부 온나손<br><b>설명</b>: 아침 7시부터 문을 여는 하와이안 카페. 테라스석은 애견 동반이 가능하다.<br><b>영업</b>: 월·화·토·일 7:00~16:00<br><b>휴무</b>: 금요일, 부정기 휴무<br><b>주차</b>: 있음<br><b>주소</b>: 沖縄県国頭郡恩納村恩納6978-1 2F<br><a href="https://www.google.com/maps/search/?api=1&amp;query=%E3%82%AB%E3%82%A4%E3%83%9B%E3%83%AD%E3%82%AB%E3%83%95%E3%82%A7%20%E6%81%A9%E7%B4%8D%E6%9D%91">구글 지도에서 길찾기</a>]]></description><styleUrl>#s0</styleUrl><Point><coordinates>127.85233,26.49568,0</coordinates></Point></Placemark>
<Placemark><name>산스이커피</name><description><![CDATA[<b>분류</b>: 카페<br><b>지역</b>: 중부 온나손<br><b>설명</b>: 창업 37년, 자가배전 원두를 쓰는 커피 전문점. 테이크아웃과 온라인 판매도 대응.<br><b>영업</b>: 9:00~18:00<br><b>휴무</b>: 부정기 휴무<br><b>주차</b>: 있음<br><b>주소</b>: 沖縄県国頭郡恩納村字山田239<br><a href="https://www.google.com/maps/search/?api=1&amp;query=%E3%82%B5%E3%83%B3%E3%82%B9%E3%82%A4%E7%8F%88%E7%90%B2%20%E6%81%A9%E7%B4%8D%E6%9D%91">구글 지도에서 길찾기</a>]]></description><styleUrl>#s0</styleUrl><Point><coordinates>127.78007,26.4349,0</coordinates></Point></Placemark>
<Placemark><name>왓츠더스토리</name><description><![CDATA[<b>분류</b>: 카페<br><b>지역</b>: 중부 가데나<br><b>설명</b>: 오래된 미국식 분위기를 그대로 살린 카페 겸 양식당. 오무라이스와 카레가 대표 메뉴.<br><b>영업</b>: 확인 필요<br><b>휴무</b>: 확인 필요<br><b>주차</b>: 확인 필요<br><b>주소</b>: 沖縄県中頭郡嘉手納町水釜185-3 1F<br><a href="https://www.google.com/maps/search/?api=1&amp;query=What%27s%20The%20Story%20%E5%98%89%E6%89%8B%E7%B4%8D%E7%94%BA">구글 지도에서 길찾기</a>]]></description><styleUrl>#s0</styleUrl><Point><coordinates>127.7546,26.36061,0</coordinates></Point></Placemark>
<Placemark><name>로터리 드라이브인 업키티</name><description><![CDATA[<b>분류</b>: 카페<br><b>지역</b>: 중부 가데나<br><b>설명</b>: 도로변에 위치한 드라이브인 스타일 가게. 가데나 공군기지 활주로를 보며 식사할 수 있는 전망 포인트로도 알려져 있다.<br><b>영업</b>: 확인 필요<br><b>휴무</b>: 확인 필요<br><b>주차</b>: 있음<br><b>주소</b>: 沖縄県中頭郡嘉手納町屋良1026-3<br><a href="https://www.google.com/maps/search/?api=1&amp;query=%E3%83%AD%E3%83%BC%E3%82%BF%E3%83%AA%E3%83%BC%E3%83%89%E3%83%A9%E3%82%A4%E3%83%96%E3%82%A4%E3%83%B3%20UP-KITTY%20%E5%98%89%E6%89%8B%E7%B4%8D%E7%94%BA">구글 지도에서 길찾기</a>]]></description><styleUrl>#s0</styleUrl><Point><coordinates>127.76617,26.3682,0</coordinates></Point></Placemark>
<Placemark><name>커피찻집 카메시마</name><description><![CDATA[<b>분류</b>: 카페<br><b>지역</b>: 중부 가데나<br><b>설명</b>: 50년 역사를 가진 자가배전 커피 전문점. 합리적인 가격으로 동네 사람들이 꾸준히 찾는 곳.<br><b>영업</b>: 확인 필요<br><b>휴무</b>: 확인 필요<br><b>주차</b>: 확인 필요<br><b>주소</b>: 沖縄県中頭郡嘉手納町嘉手納494-9<br><a href="https://www.google.com/maps/search/?api=1&amp;query=%E7%8F%88%E7%90%B2%E5%96%AB%E8%8C%B6%E3%82%AB%E3%83%A1%E3%82%B7%E3%83%9E%20%E5%98%89%E6%89%8B%E7%B4%8D%E7%94%BA">구글 지도에서 길찾기</a>]]></description><styleUrl>#s0</styleUrl><Point><coordinates>127.7546,26.36061,0</coordinates></Point></Placemark>
</Folder>
<Folder><name>식당·소바 (76)</name>
<Placemark><name>타코스 카페 타코로코</name><description><![CDATA[<b>분류</b>: 식당<br><b>지역</b>: 중부 차탄 미하마<br><b>설명</b>: 아메리칸빌리지 안 멕시칸 타코 전문점. 2020년부터 오리지널 비리아 타코(포크·비프)를 자체 콘소메와 함께 낸다.<br><b>영업</b>: 11:00~22:30<br><b>휴무</b>: 부정기 휴무<br><b>주차</b>: 아메리칸빌리지 공용주차장<br><b>주소</b>: 沖縄県中頭郡北谷町美浜9-2 アメリカンデポB館2F<br><a href="https://www.google.com/maps/search/?api=1&amp;query=%E3%82%BF%E3%82%B3%E3%82%B9CAFE%20Taco%20Loco%20%E5%8C%97%E8%B0%B7%20%E7%BE%8E%E6%B5%9C">구글 지도에서 길찾기</a>]]></description><styleUrl>#s1</styleUrl><Point><coordinates>127.75384,26.32709,0</coordinates></Point></Placemark>
<Placemark><name>와규 카페 카푸카</name><description><![CDATA[<b>분류</b>: 식당<br><b>지역</b>: 중부 차탄 미하마<br><b>설명</b>: 해변 복합시설 마카이리조트 내 와규 전문 카페 레스토랑. 남국 리조트 분위기의 테라스석에서 노을을 보며 국산 와규 요리를 즐길 수 있다.<br><b>영업</b>: 9:00~22:00<br><b>주차</b>: 있음<br><b>주소</b>: 沖縄県中頭郡北谷町美浜51-1 マカイリゾート1F<br><a href="https://www.google.com/maps/search/?api=1&amp;query=WaGyu-Cafe%20KAPUKA%20%E5%8C%97%E8%B0%B7">구글 지도에서 길찾기</a>]]></description><styleUrl>#s1</styleUrl><Point><coordinates>127.75384,26.32709,0</coordinates></Point></Placemark>
<Placemark><name>올드 스파이스</name><description><![CDATA[<b>분류</b>: 식당<br><b>지역</b>: 중부 차탄 아라하비치<br><b>설명</b>: 아라하비치 근처 케밥 전문점. 테이크아웃해서 바로 비치에서 먹기 좋은 캐주얼한 노점형 가게.<br><b>주소</b>: 沖縄県中頭郡北谷町北前1丁目20-4<br><a href="https://www.google.com/maps/search/?api=1&amp;query=%E3%82%AA%E3%83%BC%E3%83%AB%E3%83%89%E3%82%B9%E3%83%91%E3%82%A4%E3%82%B9%20%E5%8C%97%E8%B0%B7%20%E5%8C%97%E5%89%8D">구글 지도에서 길찾기</a>]]></description><styleUrl>#s1</styleUrl><Point><coordinates>127.7588,26.29596,0</coordinates></Point></Placemark>
<Placemark><name>플렉스 바 앤 그릴</name><description><![CDATA[<b>분류</b>: 식당<br><b>지역</b>: 중부 차탄 아라하비치<br><b>설명</b>: 자메이카 요리 전문점. 간판 메뉴는 자크 치킨이며 테라스석은 반려동물 동반이 가능해 캐주얼하게 즐기기 좋다.<br><b>주소</b>: 沖縄県中頭郡北谷町北谷2-20-5<br><a href="https://www.google.com/maps/search/?api=1&amp;query=%E3%83%95%E3%83%AC%E3%83%83%E3%82%AF%E3%82%B9%E3%83%90%E3%83%BC%E3%82%A2%E3%83%B3%E3%83%89%E3%82%B0%E3%83%AA%E3%83%AB%20%E5%8C%97%E8%B0%B7">구글 지도에서 길찾기</a>]]></description><styleUrl>#s1</styleUrl><Point><coordinates>127.76458,26.32223,0</coordinates></Point></Placemark>
<Placemark><name>사이쿄 식당 하네비점</name><description><![CDATA[<b>분류</b>: 식당<br><b>지역</b>: 중부 차탄 하네비<br><b>설명</b>: 아메리칸빌리지에서 차로 5분 거리의 현지 정식 전문 식당. 40종 이상 메뉴 대부분이 1,000엔 이하로, 식권제로 회전이 빨라 관광객과 현지인 모두에게 가성비 맛집으로 통한다.<br><b>영업</b>: 11:00~23:00<br><b>휴무</b>: 연중무휴<br><b>주차</b>: 있음(무료)<br><b>주소</b>: 沖縄県中頭郡北谷町北谷1丁目7-3<br><a href="https://www.google.com/maps/search/?api=1&amp;query=%E6%9C%80%E5%BC%B7%E9%A3%9F%E5%A0%82%20%E5%8C%97%E8%B0%B7%E3%81%AF%E3%82%93%E3%81%B3%E3%83%BC%E5%BA%97">구글 지도에서 길찾기</a>]]></description><styleUrl>#s1</styleUrl><Point><coordinates>127.76458,26.32223,0</coordinates></Point></Placemark>
<Placemark><name>우에마 텐푸라텐 고야점</name><description><![CDATA[<b>분류</b>: 식당<br><b>지역</b>: 중부 코자(오키나와시) 고야시장<br><b>설명</b>: 고야시장 인근의 오키나와식 튀김(오키나와 텐푸라)·도시락 노포. 새벽 5시부터 문을 열어 현지인들의 아침 식사·간식 장소로 애용된다.<br><b>영업</b>: 매일 5:00~20:00<br><b>휴무</b>: 연중무휴(연초 제외)<br><b>주소</b>: 沖縄県沖縄市中央1丁目10-7<br><a href="https://www.google.com/maps/search/?api=1&amp;query=%E4%B8%8A%E9%96%93%E3%81%A6%E3%82%93%E3%81%B7%E3%82%89%E5%BA%97%20%E8%83%A1%E5%B1%8B%E5%BA%97%20%E6%B2%96%E7%B8%84%E5%B8%82">구글 지도에서 길찾기</a>]]></description><styleUrl>#s1</styleUrl><Point><coordinates>127.91,26.3317,0</coordinates></Point></Placemark>
<Placemark><name>대중식당 미키</name><description><![CDATA[<b>분류</b>: 식당<br><b>지역</b>: 중부 코자(오키나와시) 중앙파크애비뉴<br><b>설명</b>: 여성 사장이 혼자 꾸려온 창업 40년 넘은 중앙파크애비뉴의 대중식당. 타코라이스가 명물로 미군 문화와 오키나와 서민 음식이 뒤섞인 코자 특유의 분위기를 느낄 수 있다.<br><b>영업</b>: 월~토·공휴일·공휴일전날 11:00~22:00<br><b>휴무</b>: 일요일 휴무<br><b>주차</b>: 중앙파크애비뉴 공동주차장(할인)<br><b>주소</b>: 沖縄県沖縄市中央3-1-6<br><a href="https://www.google.com/maps/search/?api=1&amp;query=%E5%A4%A7%E8%A1%86%E9%A3%9F%E5%A0%82%E3%83%9F%E3%83%83%E3%82%AD%E3%83%BC%20%E6%B2%96%E7%B8%84%E5%B8%82%E4%B8%AD%E5%A4%AE">구글 지도에서 길찾기</a>]]></description><styleUrl>#s1</styleUrl><Point><coordinates>127.91,26.3317,0</coordinates></Point></Placemark>
<Placemark><name>그랜드 식당</name><description><![CDATA[<b>분류</b>: 식당<br><b>지역</b>: 중부 코자(오키나와시) 우에치<br><b>설명</b>: 1986년 창업한 노포 식당으로 뼈국(ほね汁)이 간판 메뉴. 뮤직타운 오토이치바 인근에 있어 코자 라이브하우스 순회 전후로 들르기 좋다.<br><b>영업</b>: 화·수·목 11:30~14:00/18:00~23:00, 금 11:30~14:00/18:00~24:00, 토 18:00~24:00<br><b>휴무</b>: 일·월 휴무<br><b>주소</b>: 沖縄県沖縄市上地1-16-17<br><a href="https://www.google.com/maps/search/?api=1&amp;query=%E3%82%B0%E3%83%A9%E3%83%B3%E3%83%89%E9%A3%9F%E5%A0%82%20%E6%B2%96%E7%B8%84%E5%B8%82%E4%B8%8A%E5%9C%B0">구글 지도에서 길찾기</a>]]></description><styleUrl>#s1</styleUrl><Point><coordinates>127.68227,26.22775,0</coordinates></Point></Placemark>
<Placemark><name>요네하치소바</name><description><![CDATA[<b>분류</b>: 소바<br><b>지역</b>: 중부 오키나와시 아와세<br><b>설명</b>: 돼지족(테비치)이 큼직하게 들어간 콜라겐 듬뿍 테비치소바로 유명한 지역 노포 소바집. 예술적인 빙수(카키고리)로도 이름나 있어 2대째가 재미난 아이디어로 운영하는 곳.<br><b>영업</b>: 11:00~15:00<br><b>휴무</b>: 목·금요일 휴무(공휴일은 영업)<br><b>주차</b>: 있음<br><b>주소</b>: 沖縄県沖縄市泡瀬5-29-6<br><a href="https://www.google.com/maps/search/?api=1&amp;query=%E7%B1%B3%E5%85%AB%E3%81%9D%E3%81%B0%20%E6%B2%96%E7%B8%84%E5%B8%82%E6%B3%A1%E7%80%AC">구글 지도에서 길찾기</a>]]></description><styleUrl>#s1</styleUrl><Point><coordinates>127.84291,26.31732,0</coordinates></Point></Placemark>
<Placemark><name>키시모토 식당</name><description><![CDATA[<b>분류</b>: 소바<br><b>지역</b>: 북부 모토부<br><b>설명</b>: 1905년(메이지 38년) 창업, 100년 넘게 전통 목회(木灰) 면을 고집하는 오키나와 소바 노포. 메뉴는 소바와 주시(영양밥)뿐이지만 주말엔 1시간 대기도 흔하다.<br><b>영업</b>: 11:00~17:30, 면 소진 시 종료<br><b>휴무</b>: 수요일 휴무(공휴일이면 다음날)<br><b>주차</b>: 있음(전용 주차장)<br><b>주소</b>: 沖縄県国頭郡本部町字渡久地5<br><a href="https://www.google.com/maps/search/?api=1&amp;query=%E3%81%8D%E3%81%97%E3%82%82%E3%81%A8%E9%A3%9F%E5%A0%82%20%E6%9C%AC%E9%83%A8%E7%94%BA">구글 지도에서 길찾기</a>]]></description><styleUrl>#s1</styleUrl><Point><coordinates>127.89385,26.6624,0</coordinates></Point></Placemark>
<Placemark><name>삿짱소바</name><description><![CDATA[<b>분류</b>: 소바<br><b>지역</b>: 북부 나고<br><b>설명</b>: 이헤야지마산 모즈쿠(큰실말)를 면에 반죽해 넣은 독특한 소바로 TV에도 소개된 나고 지역 인기점.<br><b>영업</b>: 10:00~16:00, 18:00~21:00<br><b>휴무</b>: 월요일 휴무<br><b>주차</b>: 있음<br><b>주소</b>: 沖縄県名護市大南2-11-3<br><a href="https://www.google.com/maps/search/?api=1&amp;query=%E3%81%95%E3%81%A3%E3%81%A1%E3%82%83%E3%82%93%E3%81%9D%E3%81%B0%20%E5%90%8D%E8%AD%B7%E5%B8%82%E5%A4%A7%E5%8D%97">구글 지도에서 길찾기</a>]]></description><styleUrl>#s1</styleUrl><Point><coordinates>127.97726,26.59235,0</coordinates></Point></Placemark>
<Placemark><name>타마야 주니어</name><description><![CDATA[<b>분류</b>: 소바<br><b>지역</b>: 북부 나고<br><b>설명</b>: 오키나와 소바왕 수상점의 노렌와케(분점). 쑥을 넣은 소바를 고를 수 있는 것이 특징.<br><b>영업</b>: 10:30~16:00<br><b>휴무</b>: 수요일 휴무<br><b>주차</b>: 있음<br><b>주소</b>: 沖縄県名護市宇茂佐の森4丁目2-7<br><a href="https://www.google.com/maps/search/?api=1&amp;query=%E7%8E%89%E5%AE%B6Jr%20%E5%90%8D%E8%AD%B7%E5%B8%82%20%E5%AE%87%E8%8C%82%E4%BD%90%E3%81%AE%E6%A3%AE">구글 지도에서 길찾기</a>]]></description><styleUrl>#s1</styleUrl><Point><coordinates>127.95776,26.60267,0</coordinates></Point></Placemark>
<Placemark><name>고우리 슈림프</name><description><![CDATA[<b>분류</b>: 식당<br><b>지역</b>: 북부 고우리섬<br><b>설명</b>: 고우리대교 절경을 보며 먹는 갈릭 슈림프 전문점. 오키나와에서 손꼽히는 개러릭 쉬림프 맛집으로 관광객에게 인기.<br><b>영업</b>: 11:00~18:00 (17시 이후 테이크아웃만)<br><b>휴무</b>: 연중무휴<br><b>주차</b>: 있음<br><b>주소</b>: 沖縄県国頭郡今帰仁村古宇利314<br><a href="https://www.google.com/maps/search/?api=1&amp;query=KOURI%20SHRIMP%20%E4%BB%8A%E5%B8%B0%E4%BB%81%E6%9D%91%20%E5%8F%A4%E5%AE%87%E5%88%A9">구글 지도에서 길찾기</a>]]></description><styleUrl>#s1</styleUrl><Point><coordinates>128.02,26.70102,0</coordinates></Point></Placemark>
<Placemark><name>고민카아지도코로 유이</name><description><![CDATA[<b>분류</b>: 식당<br><b>지역</b>: 북부 이에섬<br><b>설명</b>: 이에항 근처 개조한 고민가 식당. 동중국해를 바라보며 섬 식재료로 만든 오키나와 요리를 정식으로 즐길 수 있고, 낮엔 식당 밤엔 이자카야로 운영.<br><b>영업</b>: 11:00~14:00, 17:00~22:00<br><b>휴무</b>: 부정기 휴무(사전 전화 확인 권장)<br><b>주차</b>: 있음<br><b>주소</b>: 沖縄県国頭郡伊江村東江前639<br><a href="https://www.google.com/maps/search/?api=1&amp;query=%E5%8F%A4%E6%B0%91%E5%AE%B6%E5%91%B3%E5%87%A6%20%E7%B5%90%20%E4%BC%8A%E6%B1%9F%E5%B3%B6">구글 지도에서 길찾기</a>]]></description><styleUrl>#s1</styleUrl><Point><coordinates>127.82576,26.71973,0</coordinates></Point></Placemark>
<Placemark><name>나키진소바</name><description><![CDATA[<b>분류</b>: 소바<br><b>지역</b>: 북부 나키진<br><b>설명</b>: 2015년 개업, 한때 폐업했다가 팬이었던 다른 요식업 대표가 사업을 이어받아 2025년 3월 재오픈한 고민가 소바집. 70년 된 옛집에 테라스석을 새로 더했다.<br><b>영업</b>: 11:00~16:30 (L.O.16:00), 소진 시 종료<br><b>휴무</b>: 매월 1·3주 화요일 휴무(인스타그램 확인 권장)<br><b>주차</b>: 있음(약 30대)<br><b>주소</b>: 沖縄県国頭郡今帰仁村字諸志181<br><a href="https://www.google.com/maps/search/?api=1&amp;query=%E4%BB%8A%E5%B8%B0%E4%BB%81%E3%81%9D%E3%81%B0%20%E4%BB%8A%E5%B8%B0%E4%BB%81%E6%9D%91%E8%AB%B8%E5%BF%97">구글 지도에서 길찾기</a>]]></description><styleUrl>#s1</styleUrl><Point><coordinates>127.9421,26.69775,0</coordinates></Point></Placemark>
<Placemark><name>슈리소바</name><description><![CDATA[<b>분류</b>: 소바<br><b>지역</b>: 나하 슈리<br><b>설명</b>: 슈리성 인근, 오키나와소바를 대표하는 이름으로 꼽히는 명점. 매일 다른 날씨에 맞춰 만드는 손반죽 면과 투명한 국물이 특징이며 개점 전부터 줄이 선다.<br><b>영업</b>: 11:30~14:30 (售り切れ次第閉店)<br><b>휴무</b>: 일·목요일 휴무 (비정기 임시휴무 있음)<br><b>주소</b>: 沖縄県那覇市首里赤田町1-7<br><a href="https://www.google.com/maps/search/?api=1&amp;query=%E9%A6%96%E9%87%8C%E3%81%9D%E3%81%B0%20%E9%82%A3%E8%A6%87%E5%B8%82%E9%A6%96%E9%87%8C%E8%B5%A4%E7%94%B0%E7%94%BA">구글 지도에서 길찾기</a>]]></description><styleUrl>#s1</styleUrl><Point><coordinates>127.72532,26.21433,0</coordinates></Point></Placemark>
<Placemark><name>우미온 (海音)</name><description><![CDATA[<b>분류</b>: 소바<br><b>지역</b>: 나하 마키시<br><b>설명</b>: 마키시에 위치한 오키나와소바집으로, 오키나와 민요 라이브를 함께 즐길 수 있는 것이 특징.<br><a href="https://www.google.com/maps/search/?api=1&amp;query=%E6%B5%B7%E9%9F%B3%20%E3%81%BF%E3%81%8A%E3%82%93%20%E7%89%A7%E5%BF%97%20%E9%82%A3%E8%A6%87%20%E6%B2%96%E7%B8%84%E3%81%9D%E3%81%B0">구글 지도에서 길찾기</a>]]></description><styleUrl>#s1</styleUrl><Point><coordinates>127.70168,26.21579,0</coordinates></Point></Placemark>
<Placemark><name>소베소바</name><description><![CDATA[<b>분류</b>: 소바<br><b>지역</b>: 나하 마키시<br><b>설명</b>: 고민가 분위기의 차분한 공간에서 먹는 오키나와소바로 소개된 곳.<br><a href="https://www.google.com/maps/search/?api=1&amp;query=%E6%A5%9A%E8%BE%BA%E3%81%9D%E3%81%B0%20%E9%82%A3%E8%A6%87">구글 지도에서 길찾기</a>]]></description><styleUrl>#s1</styleUrl><Point><coordinates>127.67915,26.21223,0</coordinates></Point></Placemark>
<Placemark><name>오쇼쿠지도코로 키라쿠</name><description><![CDATA[<b>분류</b>: 식당<br><b>지역</b>: 나하 마키시<br><b>설명</b>: 제일 마키시 공설시장 2층의 인기 식당. 1층 시장에서 산 해산물을 조리해주는 '모치아게(持ち上げ)' 시스템으로도 이용 가능.<br><b>영업</b>: 10시 개점<br><b>주차</b>: 없음<br><a href="https://www.google.com/maps/search/?api=1&amp;query=%E3%81%8A%E9%A3%9F%E4%BA%8B%E5%87%A6%E3%81%8D%E3%82%89%E3%81%8F%20%E7%89%A7%E5%BF%97%E5%85%AC%E8%A8%AD%E5%B8%82%E5%A0%B4%20%E9%82%A3%E8%A6%87">구글 지도에서 길찾기</a>]]></description><styleUrl>#s1</styleUrl><Point><coordinates>127.67915,26.21223,0</coordinates></Point></Placemark>
<Placemark><name>고쇼쿠지도코로 츠바메</name><description><![CDATA[<b>분류</b>: 식당<br><b>지역</b>: 나하 마키시<br><b>설명</b>: 제일 마키시 공설시장 주변의 로컬 식당으로 소개되는 곳.<br><a href="https://www.google.com/maps/search/?api=1&amp;query=%E5%BE%A1%E9%A3%9F%E4%BA%8B%E5%87%A6%E3%83%84%E3%83%90%E3%83%A1%20%E7%89%A7%E5%BF%97%E5%85%AC%E8%A8%AD%E5%B8%82%E5%A0%B4%20%E9%82%A3%E8%A6%87">구글 지도에서 길찾기</a>]]></description><styleUrl>#s1</styleUrl><Point><coordinates>127.67915,26.21223,0</coordinates></Point></Placemark>
<Placemark><name>식당 아단</name><description><![CDATA[<b>분류</b>: 식당<br><b>지역</b>: 나하 마키시<br><b>설명</b>: 마키시 공설시장 2층의 인기 식당. 시장에서 재료를 사지 않아도 저렴하고 양 많은 오키나와 요리를 먹을 수 있다.<br><a href="https://www.google.com/maps/search/?api=1&amp;query=%E9%A3%9F%E5%A0%82%E3%81%82%E3%81%A0%E3%82%93%20%E7%89%A7%E5%BF%97%E5%85%AC%E8%A8%AD%E5%B8%82%E5%A0%B4%20%E9%82%A3%E8%A6%87">구글 지도에서 길찾기</a>]]></description><styleUrl>#s1</styleUrl><Point><coordinates>127.67915,26.21223,0</coordinates></Point></Placemark>
<Placemark><name>럭키 타코스</name><description><![CDATA[<b>분류</b>: 식당<br><b>지역</b>: 나하 마키시<br><b>설명</b>: 저렴한 가격의 타코라이스·타코스로 소개되는 마키시의 로컬 맛집.<br><b>주소</b>: 沖縄県那覇市牧志3丁目1-11<br><a href="https://www.google.com/maps/search/?api=1&amp;query=LUCKY%20TACOS%20%E9%82%A3%E8%A6%87%E5%B8%82%E7%89%A7%E5%BF%97">구글 지도에서 길찾기</a>]]></description><styleUrl>#s1</styleUrl><Point><coordinates>127.69259,26.21719,0</coordinates></Point></Placemark>
<Placemark><name>우치나야 나하점</name><description><![CDATA[<b>분류</b>: 식당<br><b>지역</b>: 나하 도마리<br><b>설명</b>: 도마리 지역에서 밤에도 영업하는 오키나와 요리·오키나와소바 식당.<br><b>영업</b>: 밤 영업<br><a href="https://www.google.com/maps/search/?api=1&amp;query=%E3%81%86%E3%81%A1%E3%81%AA%E3%81%81%E5%AE%B6%20%E9%82%A3%E8%A6%87%E5%BA%97%20%E6%B3%8A">구글 지도에서 길찾기</a>]]></description><styleUrl>#s1</styleUrl><Point><coordinates>127.68709,26.22476,0</coordinates></Point></Placemark>
<Placemark><name>비 내추럴</name><description><![CDATA[<b>분류</b>: 식당<br><b>지역</b>: 남부 난조시<br><b>설명</b>: 난조시 지역산 식재료와 셰프의 솜씨로 완성하는 남부 대표 맛집.<br><a href="https://www.google.com/maps/search/?api=1&amp;query=BE%20NATURAL%20%E5%8D%97%E5%9F%8E%E5%B8%82">구글 지도에서 길찾기</a>]]></description><styleUrl>#s1</styleUrl><Point><coordinates>127.77056,26.16321,0</coordinates></Point></Placemark>
<Placemark><name>쇼쿠도 카리카</name><description><![CDATA[<b>분류</b>: 식당<br><b>지역</b>: 남부 난조시<br><b>설명</b>: 해변가 오픈에어 좌석에서 즐기는 아시안 요리 식당.<br><a href="https://www.google.com/maps/search/?api=1&amp;query=%E9%A3%9F%E5%A0%82%E3%81%8B%E3%82%8A%E3%81%8B%20%E5%8D%97%E5%9F%8E%E5%B8%82">구글 지도에서 길찾기</a>]]></description><styleUrl>#s1</styleUrl><Point><coordinates>127.77056,26.16321,0</coordinates></Point></Placemark>
<Placemark><name>리조트 레스토랑 세이파</name><description><![CDATA[<b>분류</b>: 식당<br><b>지역</b>: 남부 난조시<br><b>설명</b>: 세계유산 사이후아 우타키(斎場御嶽)에 들렀다면 함께 챙길 만한 식당.<br><a href="https://www.google.com/maps/search/?api=1&amp;query=%E3%83%AA%E3%82%BE%E3%83%BC%E3%83%88%E3%83%AC%E3%82%B9%E3%83%88%E3%83%A9%E3%83%B3%20%E3%81%9B%E3%81%84%E3%81%B5%E3%81%81%E3%83%BC%20%E5%8D%97%E5%9F%8E%E5%B8%82">구글 지도에서 길찾기</a>]]></description><styleUrl>#s1</styleUrl><Point><coordinates>127.77056,26.16321,0</coordinates></Point></Placemark>
<Placemark><name>타마구스쿠 파라</name><description><![CDATA[<b>분류</b>: 식당<br><b>지역</b>: 남부 난조시<br><b>설명</b>: 태평양을 바라보는 고지대에 위치한 햄버거 가게. 좌식 좌석이 메인이라 아이 동반 가족에게 편하다.<br><b>영업</b>: 11:00~15:00<br><b>휴무</b>: 목요일<br><b>주차</b>: 있음<br><b>주소</b>: 沖縄県南城市玉城屋嘉部190 大裕マンション107<br><a href="https://www.google.com/maps/search/?api=1&amp;query=%E3%82%BF%E3%83%9E%E3%82%B0%E3%82%B9%E3%82%AF%E3%83%91%E3%83%BC%E3%83%A9%E3%83%BC%20%E5%8D%97%E5%9F%8E%E5%B8%82%E7%8E%89%E5%9F%8E%E5%B1%8B%E5%98%89%E9%83%A8">구글 지도에서 길찾기</a>]]></description><styleUrl>#s1</styleUrl><Point><coordinates>127.76241,26.14511,0</coordinates></Point></Placemark>
<Placemark><name>타마구스쿠 식당</name><description><![CDATA[<b>분류</b>: 식당<br><b>지역</b>: 남부 난조시<br><b>설명</b>: 옛 공민관을 리노베이션한 편안한 공간. 야치문(오키나와 도자기)도 함께 판매한다.<br><b>영업</b>: 11:30~17:00<br><b>휴무</b>: 일·월요일<br><b>주소</b>: 沖縄県南城市玉城玉城93-3<br><a href="https://www.google.com/maps/search/?api=1&amp;query=%E7%8E%89%E5%9F%8E%E9%A3%9F%E5%A0%82%20%E5%8D%97%E5%9F%8E%E5%B8%82%E7%8E%89%E5%9F%8E">구글 지도에서 길찾기</a>]]></description><styleUrl>#s1</styleUrl><Point><coordinates>127.78427,26.13702,0</coordinates></Point></Placemark>
<Placemark><name>베지테리안 식당 후쿠마메</name><description><![CDATA[<b>분류</b>: 식당<br><b>지역</b>: 남부 난조시<br><b>설명</b>: 비건·베지테리언 메뉴를 갖춘 식당. 자연과 녹음이 가득해 힐링되는 분위기.<br><b>영업</b>: 11:00~16:00<br><b>휴무</b>: 일·월·화요일<br><b>주소</b>: 沖縄県南城市玉城屋嘉部37-2<br><a href="https://www.google.com/maps/search/?api=1&amp;query=%E3%83%99%E3%82%B8%E3%82%BF%E3%83%AA%E3%82%A2%E3%83%B3%E9%A3%9F%E5%A0%82%20%E7%A6%8F%E8%B1%86%20%E5%8D%97%E5%9F%8E%E5%B8%82%E7%8E%89%E5%9F%8E%E5%B1%8B%E5%98%89%E9%83%A8">구글 지도에서 길찾기</a>]]></description><styleUrl>#s1</styleUrl><Point><coordinates>127.76241,26.14511,0</coordinates></Point></Placemark>
<Placemark><name>우미노 이스키아</name><description><![CDATA[<b>분류</b>: 식당<br><b>지역</b>: 남부 난조시<br><b>설명</b>: 개인 주택 부지 안에 있는 힐링 공간. 히라야치 등 오키나와 가정식을 제공한다.<br><a href="https://www.google.com/maps/search/?api=1&amp;query=%E6%B5%B7%E3%81%AE%E3%82%A4%E3%82%B9%E3%82%AD%E3%82%A2%20%E5%8D%97%E5%9F%8E%E5%B8%82">구글 지도에서 길찾기</a>]]></description><styleUrl>#s1</styleUrl><Point><coordinates>127.82679,26.17156,0</coordinates></Point></Placemark>
<Placemark><name>이토만 어민식당</name><description><![CDATA[<b>분류</b>: 식당<br><b>지역</b>: 남부 이토만시<br><b>설명</b>: 바다 사람의 마을 이토만에서, 갓 잡은 생선으로 만든 해산물 정식을 파는 지역민 인기 식당.<br><a href="https://www.google.com/maps/search/?api=1&amp;query=%E7%B3%B8%E6%BA%80%E6%BC%81%E6%B0%91%E9%A3%9F%E5%A0%82%20%E7%B3%B8%E6%BA%80%E5%B8%82">구글 지도에서 길찾기</a>]]></description><styleUrl>#s1</styleUrl><Point><coordinates>127.66605,26.12342,0</coordinates></Point></Placemark>
<Placemark><name>나카모토 센교 텐푸라텐</name><description><![CDATA[<b>분류</b>: 식당<br><b>지역</b>: 남부 오지마<br><b>설명</b>: 오지마 입구에서 가장 먼저 보이는 튀김집. 가장 일찍 문을 열고 튀김빵, 메추리알 튀김 등 메뉴가 다양하다.<br><b>영업</b>: 10:30~18:00<br><b>휴무</b>: 목요일(공휴일이면 수요일)<br><b>주소</b>: 沖縄県南城市奥武島<br><a href="https://www.google.com/maps/search/?api=1&amp;query=%E4%B8%AD%E6%9C%AC%E9%AE%AE%E9%AD%9A%E3%81%A6%E3%82%93%E3%81%B7%E3%82%89%E5%BA%97%20%E5%8D%97%E5%9F%8E%E5%B8%82%E5%A5%A5%E6%AD%A6%E5%B3%B6">구글 지도에서 길찾기</a>]]></description><styleUrl>#s1</styleUrl><Point><coordinates>127.77348,26.12971,0</coordinates></Point></Placemark>
<Placemark><name>오시로 텐푸라텐</name><description><![CDATA[<b>분류</b>: 식당<br><b>지역</b>: 남부 오지마<br><b>설명</b>: 지역 젊은층에게 인기가 많고, 주문 후 바로 튀겨 따뜻하게 내주는 것이 특징. 소키소바 등도 함께 판다.<br><b>영업</b>: 11:00~18:00(여름 19:00까지)<br><b>휴무</b>: 월요일<br><b>주소</b>: 南城市奥武島<br><a href="https://www.google.com/maps/search/?api=1&amp;query=%E5%A4%A7%E5%9F%8E%E3%81%A6%E3%82%93%E3%81%B7%E3%82%89%E5%BA%97%20%E5%8D%97%E5%9F%8E%E5%B8%82%E5%A5%A5%E6%AD%A6%E5%B3%B6">구글 지도에서 길찾기</a>]]></description><styleUrl>#s1</styleUrl><Point><coordinates>127.77121,26.12855,0</coordinates></Point></Placemark>
<Placemark><name>테루짱 텐푸라</name><description><![CDATA[<b>분류</b>: 식당<br><b>지역</b>: 남부 오지마<br><b>설명</b>: 우미부도, 치즈게 튀김 등 다른 가게에 없는 독특한 메뉴가 있고 상대적으로 한산한 편.<br><b>영업</b>: 11:00~18:00<br><b>휴무</b>: 월요일(공휴일이면 화요일)<br><b>주소</b>: 南城市奥武島<br><a href="https://www.google.com/maps/search/?api=1&amp;query=%E3%81%A6%E3%82%8B%E3%81%A1%E3%82%83%E3%82%93%E5%A4%A9%E3%81%B7%E3%82%89%20%E5%8D%97%E5%9F%8E%E5%B8%82%E5%A5%A5%E6%AD%A6%E5%B3%B6">구글 지도에서 길찾기</a>]]></description><styleUrl>#s1</styleUrl><Point><coordinates>127.77348,26.12971,0</coordinates></Point></Placemark>
<Placemark><name>타코라이스 카페 키지무나 세나가지마점</name><description><![CDATA[<b>분류</b>: 식당<br><b>지역</b>: 남부 세나가지마<br><b>설명</b>: 우미카지테라스 내 타코라이스 전문점으로 인기 순위 1위에 오른 곳.<br><b>주차</b>: 있음(우미카지테라스 공용)<br><b>주소</b>: 豊見城市瀬長174-6<br><a href="https://www.google.com/maps/search/?api=1&amp;query=%E3%82%BF%E3%82%B3%E3%83%A9%E3%82%A4%E3%82%B9%E3%82%AB%E3%83%95%E3%82%A7%20%E3%81%8D%E3%81%98%E3%82%80%E3%81%AA%E3%81%81%20%E7%80%AC%E9%95%B7%E5%B3%B6%E3%82%A6%E3%83%9F%E3%82%AB%E3%82%B8%E3%83%86%E3%83%A9%E3%82%B9">구글 지도에서 길찾기</a>]]></description><styleUrl>#s1</styleUrl><Point><coordinates>127.64041,26.17639,0</coordinates></Point></Placemark>
<Placemark><name>차도코로 마카베친나</name><description><![CDATA[<b>분류</b>: 소바<br><b>지역</b>: 남부 이토만시<br><b>설명</b>: 1891년에 지어져 국가 등록유형문화재로 지정된 붉은기와 고민가에서 할머니의 손맛을 본떠 만든 오키나와 소바와 향토요리를 낸다.<br><b>영업</b>: 11:00~16:00<br><b>휴무</b>: 일·월요일<br><b>주차</b>: 있음<br><b>주소</b>: 沖縄県糸満市真壁223<br><a href="https://www.google.com/maps/search/?api=1&amp;query=%E8%8C%B6%E5%87%A6%20%E7%9C%9F%E5%A3%81%E3%81%A1%E3%81%AA%E3%83%BC%20%E7%B3%B8%E6%BA%80%E5%B8%82%E7%9C%9F%E5%A3%81">구글 지도에서 길찾기</a>]]></description><styleUrl>#s1</styleUrl><Point><coordinates>127.6929,26.10588,0</coordinates></Point></Placemark>
<Placemark><name>소소소</name><description><![CDATA[<b>분류</b>: 소바<br><b>지역</b>: 남부 난조시<br><b>설명</b>: 2023년 12월 오픈한 정통 일본 소바(메밀국수) 전문점. 오키나와월드·간가라노타니 근처에 있어 관광 후 들르기 좋고, 튀김도 평가가 좋다.<br><a href="https://www.google.com/maps/search/?api=1&amp;query=%E8%95%8E%E8%95%8E%E8%95%8E%20SOSOSO%20%E5%8D%97%E5%9F%8E%E5%B8%82">구글 지도에서 길찾기</a>]]></description><styleUrl>#s1</styleUrl><Point><coordinates>127.77056,26.16321,0</coordinates></Point></Placemark>
<Placemark><name>고민가 식당</name><description><![CDATA[<b>분류</b>: 소바<br><b>지역</b>: 남부 하에바루<br><b>설명</b>: 지은 지 130년 된 일본 가옥에서 태우운 마늘 향을 낸 블랙 소키소바 등 오키나와 요리를 내는 식당.<br><a href="https://www.google.com/maps/search/?api=1&amp;query=%E5%8F%A4%E6%B0%91%E5%AE%B6%E9%A3%9F%E5%A0%82%20%E5%8D%97%E9%A2%A8%E5%8E%9F%E7%94%BA">구글 지도에서 길찾기</a>]]></description><styleUrl>#s1</styleUrl><Point><coordinates>127.72858,26.19115,0</coordinates></Point></Placemark>
<Placemark><name>료리야 슌</name><description><![CDATA[<b>분류</b>: 소바<br><b>지역</b>: 남부 하에바루<br><b>설명</b>: 낮에는 오키나와 소바, 밤에는 창작 화식 이자카야로 변신하는 하에바루 로컬 식당.<br><b>영업</b>: 소바 월~금·공휴일 11:00~14:30, 이자카야 월~목 18:00~익일 2:00<br><b>주소</b>: 沖縄県島尻郡南風原町兼城<br><a href="https://www.google.com/maps/search/?api=1&amp;query=%E6%96%99%E7%90%86%E3%82%84%E6%97%AC%20%E5%8D%97%E9%A2%A8%E5%8E%9F%E7%94%BA%E5%85%BC%E5%9F%8E">구글 지도에서 길찾기</a>]]></description><styleUrl>#s1</styleUrl><Point><coordinates>127.72628,26.19655,0</coordinates></Point></Placemark>
<Placemark><name>타이라 제면소 신카와점</name><description><![CDATA[<b>분류</b>: 소바<br><b>지역</b>: 남부 하에바루<br><b>설명</b>: 손으로 뽑은 자가제 면과 가쓰오부시 육수를 쓰는 오키나와 소바 전문점.<br><b>영업</b>: 평일 11:00~15:00, 토·일·공휴일 11:00~20:00<br><b>휴무</b>: 수요일<br><b>주소</b>: 沖縄県島尻郡南風原町新川<br><a href="https://www.google.com/maps/search/?api=1&amp;query=%E3%82%BF%E3%82%A4%E3%83%A9%E8%A3%BD%E9%BA%BA%E6%89%80%20%E6%96%B0%E5%B7%9D%E5%BA%97%20%E5%8D%97%E9%A2%A8%E5%8E%9F%E7%94%BA%E6%96%B0%E5%B7%9D">구글 지도에서 길찾기</a>]]></description><styleUrl>#s1</styleUrl><Point><coordinates>127.72536,26.20458,0</coordinates></Point></Placemark>
<Placemark><name>코가네야</name><description><![CDATA[<b>분류</b>: 소바<br><b>지역</b>: 남부 하에바루<br><b>설명</b>: 쫄깃한 자가제 면에 삼겹살과 소키를 올린 오키나와 소바 전문점.<br><b>영업</b>: 평일 11:00~15:00, 토·일 11:00~19:00<br><b>휴무</b>: 수요일<br><b>주소</b>: 沖縄県島尻郡南風原町兼城<br><a href="https://www.google.com/maps/search/?api=1&amp;query=%E9%BB%84%E9%87%91%E5%B1%8B%20%E5%8D%97%E9%A2%A8%E5%8E%9F%E7%94%BA%E5%85%BC%E5%9F%8E">구글 지도에서 길찾기</a>]]></description><styleUrl>#s1</styleUrl><Point><coordinates>127.72628,26.19655,0</coordinates></Point></Placemark>
<Placemark><name>오키나와다이이치호텔 약선조식</name><description><![CDATA[<b>분류</b>: 식당<br><b>지역</b>: 나하 마키시<br><b>설명</b>: 여관 여주인이 고안한 오키나와 전통 약선조식으로 유명한 노포 호텔. 섬 채소 등 20여 품목이 올라오며 투숙객 아닌 손님도 예약하면 먹을 수 있다.<br><b>영업</b>: 조식은 사전 예약 필요<br><b>주소</b>: 沖縄県那覇市牧志1-1-12<br><a href="https://www.google.com/maps/search/?api=1&amp;query=%E6%B2%96%E7%B8%84%E7%AC%AC%E4%B8%80%E3%83%9B%E3%83%86%E3%83%AB%20%E9%82%A3%E8%A6%87%E5%B8%82%E7%89%A7%E5%BF%97">구글 지도에서 길찾기</a>]]></description><styleUrl>#s1</styleUrl><Point><coordinates>127.69259,26.21719,0</coordinates></Point></Placemark>
<Placemark><name>포타마 마키시시장점</name><description><![CDATA[<b>분류</b>: 식당<br><b>지역</b>: 나하 마쓰오/마키시 공설시장<br><b>설명</b>: 오키나와식 계란빵(포오크타마고 오니기리) 전문점으로 아침 7시부터 문을 열어 국제거리 산책길에 간단히 먹기 좋은 조식 명소.<br><b>영업</b>: 7:00~19:00<br><b>휴무</b>: 연중무휴<br><b>주소</b>: 沖縄県那覇市松尾2-8-35<br><a href="https://www.google.com/maps/search/?api=1&amp;query=%E3%83%9D%E3%83%BC%E3%81%9F%E3%81%BE%20%E7%89%A7%E5%BF%97%E5%B8%82%E5%A0%B4%E5%BA%97%20%E9%82%A3%E8%A6%87%E5%B8%82%E6%9D%BE%E5%B0%BE">구글 지도에서 길찾기</a>]]></description><styleUrl>#s1</styleUrl><Point><coordinates>127.68695,26.21423,0</coordinates></Point></Placemark>
<Placemark><name>미소메시야 마루타마</name><description><![CDATA[<b>분류</b>: 식당<br><b>지역</b>: 나하 이즈미자키<br><b>설명</b>: 일본식 미소 정식 조식으로 한국 관광객 사이에서도 입소문난 나하 조식 맛집. 이른 아침 7시 30분부터 짧은 시간만 영업.<br><b>영업</b>: 7:30~10:00<br><b>주소</b>: 沖縄県那覇市泉崎2-4-3 1F<br><a href="https://www.google.com/maps/search/?api=1&amp;query=%E5%91%B3%E5%99%8C%E3%82%81%E3%81%97%E3%82%84%20%E3%81%BE%E3%82%8B%E3%81%9F%E3%81%BE%20%E9%82%A3%E8%A6%87%E5%B8%82%E6%B3%89%E5%B4%8E">구글 지도에서 길찾기</a>]]></description><styleUrl>#s1</styleUrl><Point><coordinates>127.68117,26.21194,0</coordinates></Point></Placemark>
<Placemark><name>비스트로 세봉</name><description><![CDATA[<b>분류</b>: 식당<br><b>지역</b>: 중부 우라소에 미나토가와<br><b>설명</b>: 외인주택을 리노베이션한 프렌치 비스트로. 점심은 가벼운 런치 코스, 저녁은 예약제 정찬으로 운영된다.<br><b>영업</b>: 런치 11:30~16:00(L.O.15:00), 디너 18:00~22:30(예약제)<br><b>휴무</b>: 목요일<br><b>주차</b>: 있음<br><b>주소</b>: 沖縄県浦添市港川2丁目10-9<br><a href="https://www.google.com/maps/search/?api=1&amp;query=%E3%83%93%E3%82%B9%E3%83%88%E3%83%AD%20%E3%82%BB%E3%83%9C%E3%83%B3%20%E6%B8%AF%E5%B7%9D%20%E6%B5%A6%E6%B7%BB">구글 지도에서 길찾기</a>]]></description><styleUrl>#s1</styleUrl><Point><coordinates>127.71241,26.26782,0</coordinates></Point></Placemark>
<Placemark><name>UFO 버거 앤 샌드위치 카페</name><description><![CDATA[<b>분류</b>: 식당<br><b>지역</b>: 중부 우라소에 미나토가와<br><b>설명</b>: 직접 구운 번과 100% 비프 패티를 쓰는 수제버거집. 원반 모양 치즈를 올린 UFO 트리플치즈버거가 시그니처.<br><b>영업</b>: 11:00~18:00<br><b>휴무</b>: 월요일(공휴일인 경우 다음날)<br><b>주차</b>: 있음(9대)<br><b>주소</b>: 沖縄県浦添市港川2-9-10 ARIZONA st. #55<br><a href="https://www.google.com/maps/search/?api=1&amp;query=UFO%20Burger%20%26%20Sandwich%20CAFE%20%E6%B8%AF%E5%B7%9D%20%E6%B5%A6%E6%B7%BB">구글 지도에서 길찾기</a>]]></description><styleUrl>#s1</styleUrl><Point><coordinates>127.71241,26.26782,0</coordinates></Point></Placemark>
<Placemark><name>토리소바야 이시구후</name><description><![CDATA[<b>분류</b>: 소바<br><b>지역</b>: 중부 우라소에 미나토가와<br><b>설명</b>: 오키나와 소바왕 대회 초대 우승 경력의 닭소바 전문점. 아구 돈육으로 낸 깔끔한 육수가 특징이다.<br><b>영업</b>: 10:00~15:00(주말은 16:00까지)<br><b>휴무</b>: 월요일<br><b>주차</b>: 있음<br><b>주소</b>: 沖縄県浦添市港川2丁目13-6<br><a href="https://www.google.com/maps/search/?api=1&amp;query=%E9%B6%8F%E3%81%9D%E3%81%B0%E5%B1%8B%E3%81%84%E3%81%97%E3%81%90%E3%81%B5%E3%83%BC%20%E6%B8%AF%E5%B7%9D%20%E6%B5%A6%E6%B7%BB">구글 지도에서 길찾기</a>]]></description><styleUrl>#s1</styleUrl><Point><coordinates>127.71241,26.26782,0</coordinates></Point></Placemark>
<Placemark><name>미나토가와 레스토랑 랫앤쉽</name><description><![CDATA[<b>분류</b>: 식당<br><b>지역</b>: 중부 우라소에 미나토가와<br><b>설명</b>: 미나토가와 외인주택 안 양식 레스토랑. 목~토요일은 저녁 영업도 한다.<br><b>영업</b>: 월~수 11:30~16:00, 목~토 11:30~16:00/18:00~22:00<br><b>휴무</b>: 일요일<br><b>주차</b>: 있음<br><b>주소</b>: 沖縄県浦添市港川2丁目13-9<br><a href="https://www.google.com/maps/search/?api=1&amp;query=%E6%B8%AF%E5%B7%9D%E3%83%AC%E3%82%B9%E3%83%88%E3%83%A9%E3%83%B3%20rat%26sheep%20%E6%B5%A6%E6%B7%BB">구글 지도에서 길찾기</a>]]></description><styleUrl>#s1</styleUrl><Point><coordinates>127.71241,26.26782,0</coordinates></Point></Placemark>
<Placemark><name>텐푸라 무라나카</name><description><![CDATA[<b>분류</b>: 식당<br><b>지역</b>: 중부 우라소에 미나토가와<br><b>설명</b>: 미나토가와 외인주택가에서 튀김을 전문으로 하는 화식점.<br><b>영업</b>: 월~목 11:00~15:00, 토·일 11:00~21:00<br><b>휴무</b>: 금요일<br><b>주차</b>: 정보 없음<br><b>주소</b>: 沖縄県浦添市港川2丁目19-3<br><a href="https://www.google.com/maps/search/?api=1&amp;query=%E5%A4%A9%E3%81%B7%E3%82%89%E6%9D%91%E4%B8%AD%20%E6%B8%AF%E5%B7%9D%20%E6%B5%A6%E6%B7%BB">구글 지도에서 길찾기</a>]]></description><styleUrl>#s1</styleUrl><Point><coordinates>127.71241,26.26782,0</coordinates></Point></Placemark>
<Placemark><name>아린카야</name><description><![CDATA[<b>분류</b>: 식당<br><b>지역</b>: 중부 우라소에 미나토가와<br><b>설명</b>: 그날그날 메뉴가 바뀌는 화식당. 미나토가와에서 가벼운 런치를 먹기 좋다.<br><b>영업</b>: 11:30~17:00<br><b>휴무</b>: 일요일<br><b>주차</b>: 정보 없음<br><b>주소</b>: 沖縄県浦添市港川2丁目17-2<br><a href="https://www.google.com/maps/search/?api=1&amp;query=arinkaya%20%E6%B8%AF%E5%B7%9D%20%E6%B5%A6%E6%B7%BB">구글 지도에서 길찾기</a>]]></description><styleUrl>#s1</styleUrl><Point><coordinates>127.71241,26.26782,0</coordinates></Point></Placemark>
<Placemark><name>우라소에 소바</name><description><![CDATA[<b>분류</b>: 소바<br><b>지역</b>: 중부 우라소에<br><b>설명</b>: 창업 35년, 국도330호 옆 붉은 기와지붕이 인상적인 노포. 소키소바와 니츠케정식(테비치)이 간판 메뉴다.<br><b>영업</b>: 11:30~20:00(수요일은 15:00까지)<br><b>휴무</b>: 목요일<br><b>주차</b>: 있음<br><b>주소</b>: 沖縄県浦添市伊祖4-8-3<br><a href="https://www.google.com/maps/search/?api=1&amp;query=%E6%B5%A6%E6%B7%BB%E3%81%9D%E3%81%B0%20%E6%B5%A6%E6%B7%BB%E5%B8%82%E4%BC%8A%E7%A5%96">구글 지도에서 길찾기</a>]]></description><styleUrl>#s1</styleUrl><Point><coordinates>127.72276,26.25801,0</coordinates></Point></Placemark>
<Placemark><name>타카에스 소바</name><description><![CDATA[<b>분류</b>: 소바<br><b>지역</b>: 중부 우라소에<br><b>설명</b>: 유시도후소바(연두부를 올린 소바)를 처음 만든 원조 노포. 반세기 넘게 지역민에게 사랑받는다.<br><b>영업</b>: 10:00~15:45(재료 소진 시 종료)<br><b>휴무</b>: 일요일<br><b>주차</b>: 있음<br><b>주소</b>: 沖縄県浦添市伊祖3-36-2<br><a href="https://www.google.com/maps/search/?api=1&amp;query=%E9%AB%98%E6%B1%9F%E6%B4%B2%E3%81%9D%E3%81%B0%20%E6%B5%A6%E6%B7%BB%E5%B8%82%E4%BC%8A%E7%A5%96">구글 지도에서 길찾기</a>]]></description><styleUrl>#s1</styleUrl><Point><coordinates>127.72276,26.25801,0</coordinates></Point></Placemark>
<Placemark><name>부에노치킨 우라소에</name><description><![CDATA[<b>분류</b>: 식당<br><b>지역</b>: 중부 우라소에<br><b>설명</b>: 얀바루 토종닭을 통째로 구운 치킨이 간판인 우라소에 대표 맛집. 지역 대표 음식으로 소개될 만큼 유명하다.<br><b>영업</b>: 화~금 10:30~17:30, 토 10:30~18:00<br><b>휴무</b>: 일·월요일<br><b>주차</b>: 있음<br><b>주소</b>: 沖縄県浦添市内間1-14-2<br><a href="https://www.google.com/maps/search/?api=1&amp;query=%E3%83%96%E3%82%A8%E3%83%8E%E3%83%81%E3%82%AD%E3%83%B3%20%E6%B5%A6%E6%B7%BB%E5%B8%82%E5%86%85%E9%96%93">구글 지도에서 길찾기</a>]]></description><styleUrl>#s1</styleUrl><Point><coordinates>127.70362,26.23513,0</coordinates></Point></Placemark>
<Placemark><name>벤토야 자가이모</name><description><![CDATA[<b>분류</b>: 식당<br><b>지역</b>: 중부 우라소에<br><b>설명</b>: 파이프라인 도로변, 이른 아침부터 여는 저가 도시락집. 가성비 좋은 매일 정식 메뉴로 지역민에게 인기가 많다.<br><b>영업</b>: 월~금 5:00~13:00<br><b>휴무</b>: 토·일·공휴일<br><b>주차</b>: 정보 없음<br><b>주소</b>: 沖縄県浦添市大平1-9-1<br><a href="https://www.google.com/maps/search/?api=1&amp;query=%E5%BC%81%E5%BD%93%E5%B1%8B%E3%81%98%E3%82%83%E3%81%8C%E3%81%84%E3%82%82%20%E6%B5%A6%E6%B7%BB%E5%B8%82%E5%A4%A7%E5%B9%B3">구글 지도에서 길찾기</a>]]></description><styleUrl>#s1</styleUrl><Point><coordinates>127.71304,26.24361,0</coordinates></Point></Placemark>
<Placemark><name>한타바루</name><description><![CDATA[<b>분류</b>: 식당<br><b>지역</b>: 중부 나카구스쿠<br><b>설명</b>: 중성만을 내려다보는 테라스석이 일품인 이탈리안 식당. 절경 로케이션 덕에 입소문이 났다.<br><b>영업</b>: 정보 없음<br><b>주차</b>: 정보 없음<br><b>주소</b>: 沖縄県中頭郡中城村和宇慶468<br><a href="https://www.google.com/maps/search/?api=1&amp;query=%E3%83%8F%E3%83%B3%E3%82%BF%E3%83%90%E3%83%BC%E3%83%AB%20%E4%B8%AD%E5%9F%8E%E6%9D%91%E5%92%8C%E5%AE%87%E6%85%B6">구글 지도에서 길찾기</a>]]></description><styleUrl>#s1</styleUrl><Point><coordinates>127.78241,26.24978,0</coordinates></Point></Placemark>
<Placemark><name>추루게소바 나카구스쿠 고민가(현 마루치 중성점)</name><description><![CDATA[<b>분류</b>: 소바<br><b>지역</b>: 중부 나카구스쿠<br><b>설명</b>: 85년 된 류큐 전통 고민가를 그대로 살린 소바집. 다다미방과 정원이 보이는 테라스석에서 옛 오키나와 정취를 느끼며 소바를 먹을 수 있다. 최근 점포명이 '마루치'로 바뀐 정황이 있어 방문 전 확인이 필요하다.<br><b>영업</b>: 정보 없음(런치 중심 운영)<br><b>주차</b>: 정보 없음<br><a href="https://www.google.com/maps/search/?api=1&amp;query=%E3%81%A1%E3%82%85%E3%82%8B%E3%81%92%E3%83%BC%E3%81%9D%E3%81%B0%20%E4%B8%AD%E5%9F%8E%E6%9D%91">구글 지도에서 길찾기</a>]]></description><styleUrl>#s1</styleUrl><Point><coordinates>127.78971,26.26209,0</coordinates></Point></Placemark>
<Placemark><name>킹타코스 긴 본점</name><description><![CDATA[<b>분류</b>: 식당<br><b>지역</b>: 북부 긴초<br><b>설명</b>: 타코라이스 발상지 긴초에서, 1984년 파라 센리(パーラー千里)가 처음 만든 메뉴를 1985년부터 이어온 원조 격 전문점. 미군 기지 앞 동네다운 압도적인 양과 저렴한 가격이 '진짜 발상지 맛'을 확인하러 갈 이유다. 한국인에게도 이미 꽤 알려져 있다.<br><b>영업</b>: 10:30~21:00<br><b>주차</b>: 있음<br><b>주소</b>: 沖縄県国頭郡金武町金武4244-4<br><a href="https://www.google.com/maps/search/?api=1&amp;query=%E3%82%AD%E3%83%B3%E3%82%B0%E3%82%BF%E3%82%B3%E3%82%B9%20%E9%87%91%E6%AD%A6%E6%9C%AC%E5%BA%97">구글 지도에서 길찾기</a>]]></description><styleUrl>#s1</styleUrl><Point><coordinates>127.92414,26.46938,0</coordinates></Point></Placemark>
<Placemark><name>구니가미 미나토 식당</name><description><![CDATA[<b>분류</b>: 식당<br><b>지역</b>: 북부 구니가미손<br><b>설명</b>: 국두어업협동조합이 직접 운영하는 항구 식당으로, 그날 들어온 생선 그대로 회·튀김 정식이 나온다. 유통 단계 없이 항구에서 바로 상 위로 올라오는 신선도가 편도 2시간 운전의 보상이 된다.<br><b>영업</b>: 화~토 11:30~14:00, 17:30~21:00(LO 20:00) / 일 11:00~매진시 종료<br><b>휴무</b>: 월요일 휴무<br><b>주차</b>: 있음<br><b>주소</b>: 沖縄県国頭郡国頭村字浜477-1<br><a href="https://www.google.com/maps/search/?api=1&amp;query=%E5%9B%BD%E9%A0%AD%E6%B8%AF%E9%A3%9F%E5%A0%82">구글 지도에서 길찾기</a>]]></description><styleUrl>#s1</styleUrl><Point><coordinates>128.18563,26.70765,0</coordinates></Point></Placemark>
<Placemark><name>식당 야마비코</name><description><![CDATA[<b>분류</b>: 식당<br><b>지역</b>: 북부 구니가미손<br><b>설명</b>: 구니가미손 중심가 헤도나(辺土名)에 있는 저렴하고 양 많은 오키나와 소바 식당. 관광지 물가가 아닌 진짜 동네 가격으로 한 끼를 해결할 수 있는, 지역 주민이 실제로 다니는 곳이다.<br><b>영업</b>: 11:30~18:00<br><b>휴무</b>: 정기휴무 정보 출처마다 상이 — 방문 전 전화(0980-41-5600) 확인 권장<br><b>주차</b>: 정보 확인 필요<br><b>주소</b>: 沖縄県国頭郡国頭村辺土名1700-4<br><a href="https://www.google.com/maps/search/?api=1&amp;query=%E9%A3%9F%E5%A0%82%E3%82%84%E3%81%BE%E3%81%B3%E3%81%93%20%E5%9B%BD%E9%A0%AD%E6%9D%91%E8%BE%BA%E5%9C%9F%E5%90%8D">구글 지도에서 길찾기</a>]]></description><styleUrl>#s1</styleUrl><Point><coordinates>128.1751,26.74548,0</coordinates></Point></Placemark>
<Placemark><name>킨게츠소바 요미탄점</name><description><![CDATA[<b>분류</b>: 소바<br><b>지역</b>: 중부 요미탄<br><b>설명</b>: 요미탄산 밀로 만든 자가제 면과 다채로운 창작 메뉴를 함께 파는 요미탄 대표 소바집. 「炙り軟骨ソーキそば」가 인기.<br><b>영업</b>: 11:00~16:00 (매진 시 조기 종료)<br><b>휴무</b>: 부정기 휴무<br><b>주차</b>: 있음<br><b>주소</b>: 沖縄県中頭郡読谷村字喜名201<br><a href="https://www.google.com/maps/search/?api=1&amp;query=%E9%87%91%E6%9C%88%E3%81%9D%E3%81%B0%20%E8%AA%AD%E8%B0%B7%E6%9D%91">구글 지도에서 길찾기</a>]]></description><styleUrl>#s1</styleUrl><Point><coordinates>127.75517,26.39915,0</coordinates></Point></Placemark>
<Placemark><name>반쇼테이</name><description><![CDATA[<b>분류</b>: 소바<br><b>지역</b>: 중부 요미탄<br><b>설명</b>: 자가제 면과 가쓰오 향이 은은하게 퍼지는 깔끔한 국물이 특징. 좌석이 넉넉해 가족 단위 방문에도 편하다.<br><b>영업</b>: 11:00~21:00 (L.O.20:30)<br><b>휴무</b>: 수요일 휴무<br><b>주차</b>: 있음<br><b>주소</b>: 沖縄県中頭郡読谷村字喜名473<br><a href="https://www.google.com/maps/search/?api=1&amp;query=%E7%95%AA%E6%89%80%E4%BA%AD%20%E8%AA%AD%E8%B0%B7%E6%9D%91">구글 지도에서 길찾기</a>]]></description><styleUrl>#s1</styleUrl><Point><coordinates>127.75517,26.39915,0</coordinates></Point></Placemark>
<Placemark><name>마이니치식당</name><description><![CDATA[<b>분류</b>: 식당<br><b>지역</b>: 중부 요미탄<br><b>설명</b>: 재료를 중시한 건강 지향 오키나와 소바·정식집. 관광지가 아닌 「暮らし」 시선에서 소개되는, 현지인 생활감 있는 식당.<br><b>영업</b>: 11:30~15:00 (L.O.14:30)<br><b>휴무</b>: 월·목·일 휴무<br><b>주차</b>: 확인 필요<br><b>주소</b>: 沖縄県中頭郡読谷村字喜名390<br><a href="https://www.google.com/maps/search/?api=1&amp;query=%E3%81%BE%E3%81%84%E3%81%AB%E3%81%A1%E9%A3%9F%E5%A0%82%20%E8%AA%AD%E8%B0%B7%E6%9D%91">구글 지도에서 길찾기</a>]]></description><styleUrl>#s1</styleUrl><Point><coordinates>127.75517,26.39915,0</coordinates></Point></Placemark>
<Placemark><name>자키미소바</name><description><![CDATA[<b>분류</b>: 소바<br><b>지역</b>: 중부 요미탄<br><b>설명</b>: 座喜味城跡 근처의 자가제 면 소바집. 어린이 메뉴도 있어 가족 여행객이 들르기 좋다.<br><b>영업</b>: 11:00~16:00 (매진 시 조기 종료)<br><b>휴무</b>: 목·금 휴무<br><b>주차</b>: 있음<br><b>주소</b>: 沖縄県中頭郡読谷村座喜味2958-8<br><a href="https://www.google.com/maps/search/?api=1&amp;query=%E5%BA%A7%E5%96%9C%E5%91%B3%E3%81%9D%E3%81%B0%20%E8%AA%AD%E8%B0%B7%E6%9D%91">구글 지도에서 길찾기</a>]]></description><styleUrl>#s1</styleUrl><Point><coordinates>127.75143,26.40529,0</coordinates></Point></Placemark>
<Placemark><name>하나가사 (오카시고텐 요미탄본점)</name><description><![CDATA[<b>분류</b>: 소바<br><b>지역</b>: 중부 요미탄<br><b>설명</b>: 紅芋タルト로 유명한 御菓子御殿 요미탄 본점에 병설된 고민가풍의 넓은 소바 식당. 과자 쇼핑과 식사를 한 번에 해결하기 좋다.<br><b>영업</b>: 11:00~15:30 / 17:00~21:00<br><b>휴무</b>: 목요일 휴무<br><b>주차</b>: 있음<br><b>주소</b>: 沖縄県中頭郡読谷村宇座657-1<br><a href="https://www.google.com/maps/search/?api=1&amp;query=%E5%BE%A1%E8%8F%93%E5%AD%90%E5%BE%A1%E6%AE%BF%20%E8%AA%AD%E8%B0%B7%E6%9C%AC%E5%BA%97%20%E8%8A%B1%E7%AC%A0">구글 지도에서 길찾기</a>]]></description><styleUrl>#s1</styleUrl><Point><coordinates>127.71984,26.42889,0</coordinates></Point></Placemark>
<Placemark><name>다루마소바 요미탄</name><description><![CDATA[<b>분류</b>: 소바<br><b>지역</b>: 중부 요미탄<br><b>설명</b>: 가성비 좋고 메뉴 구성이 풍부한 대중적인 소바집.<br><b>영업</b>: 11:00~21:00<br><b>휴무</b>: 부정기 휴무<br><b>주차</b>: 있음<br><b>주소</b>: 沖縄県中頭郡読谷村楚辺1093<br><a href="https://www.google.com/maps/search/?api=1&amp;query=%E3%81%A0%E3%82%8B%E3%81%BE%E3%81%9D%E3%81%B0%20%E8%AA%AD%E8%B0%B7%E6%9D%91">구글 지도에서 길찾기</a>]]></description><styleUrl>#s1</styleUrl><Point><coordinates>127.73923,26.38543,0</coordinates></Point></Placemark>
<Placemark><name>요미탄잔소바</name><description><![CDATA[<b>분류</b>: 소바<br><b>지역</b>: 중부 요미탄<br><b>설명</b>: 소박하고 전통적인 스타일을 유지해 동네 단골이 많은 소바집.<br><b>영업</b>: 11:00~17:00<br><b>휴무</b>: 월·화 휴무<br><b>주차</b>: 확인 필요<br><b>주소</b>: 沖縄県中頭郡読谷村古堅485-7<br><a href="https://www.google.com/maps/search/?api=1&amp;query=%E8%AA%AD%E8%B0%B7%E5%B1%B1%E3%81%9D%E3%81%B0%20%E8%AA%AD%E8%B0%B7%E6%9D%91">구글 지도에서 길찾기</a>]]></description><styleUrl>#s1</styleUrl><Point><coordinates>127.73057,26.42429,0</coordinates></Point></Placemark>
<Placemark><name>이나카 (미야코소바 전문점)</name><description><![CDATA[<b>분류</b>: 소바<br><b>지역</b>: 중부 요미탄<br><b>설명</b>: 미야코소바와 돈뼈 육수 기반 국물이 특징인 전문점. 일상 식사로 즐기기 좋은 소박한 곳.<br><b>영업</b>: 11:00~14:00<br><b>휴무</b>: 월요일 휴무<br><b>주차</b>: 확인 필요<br><b>주소</b>: 沖縄県中頭郡読谷村上地359-3<br><a href="https://www.google.com/maps/search/?api=1&amp;query=%E7%94%B0%E8%88%8E%20%E5%AE%AE%E5%8F%A4%E3%81%9D%E3%81%B0%20%E8%AA%AD%E8%B0%B7%E6%9D%91">구글 지도에서 길찾기</a>]]></description><styleUrl>#s1</styleUrl><Point><coordinates>127.73229,26.40976,0</coordinates></Point></Placemark>
<Placemark><name>타코라이스카페 키지무나 온나손점</name><description><![CDATA[<b>분류</b>: 식당<br><b>지역</b>: 중부 온나손<br><b>설명</b>: 계란을 올린 「オムタコ」 등 본격 타코라이스를 파는 전문점. 테이크아웃도 대응.<br><b>영업</b>: 11:30~20:00<br><b>휴무</b>: 연중무휴<br><b>주차</b>: 있음<br><b>주소</b>: 沖縄県国頭郡恩納村恩納6092-1<br><a href="https://www.google.com/maps/search/?api=1&amp;query=%E3%82%BF%E3%82%B3%E3%83%A9%E3%82%A4%E3%82%B9cafe%20%E3%81%8D%E3%81%98%E3%82%80%E3%81%AA%E3%81%81%20%E6%81%A9%E7%B4%8D%E6%9D%91">구글 지도에서 길찾기</a>]]></description><styleUrl>#s1</styleUrl><Point><coordinates>127.85233,26.49568,0</coordinates></Point></Placemark>
<Placemark><name>할레아이나 호아</name><description><![CDATA[<b>분류</b>: 식당<br><b>지역</b>: 중부 온나손<br><b>설명</b>: 루프탑에서 바다를 보며 즐기는 하와이안 다이너. BBQ가 가능하고 애견 동반도 가능.<br><b>영업</b>: 10:00~21:00<br><b>휴무</b>: 무휴<br><b>주차</b>: 있음<br><b>주소</b>: 沖縄県国頭郡恩納村名嘉真2159<br><a href="https://www.google.com/maps/search/?api=1&amp;query=hale%27aina%20HOA%20%E6%81%A9%E7%B4%8D%E6%9D%91">구글 지도에서 길찾기</a>]]></description><styleUrl>#s1</styleUrl><Point><coordinates>127.92177,26.52071,0</coordinates></Point></Placemark>
<Placemark><name>만자식당</name><description><![CDATA[<b>분류</b>: 식당<br><b>지역</b>: 중부 온나손<br><b>설명</b>: 만자모 입구에서 도보 2분, 벽 가득한 손글씨 메뉴판이 정겨운 「지역민의 공민관」 같은 식당. 시오야키소바와 고야찬푸루가 간판 메뉴.<br><b>영업</b>: 평일 11:30~14:00, 18:00~22:00 / 주말 18:00~22:00<br><b>휴무</b>: 수요일 휴무<br><b>주차</b>: 확인 필요<br><b>주소</b>: 沖縄県国頭郡恩納村恩納2404 1F<br><a href="https://www.google.com/maps/search/?api=1&amp;query=%E3%81%BE%E3%82%93%E3%81%96%E9%A3%9F%E5%A0%82%20%E6%81%A9%E7%B4%8D%E6%9D%91">구글 지도에서 길찾기</a>]]></description><styleUrl>#s1</styleUrl><Point><coordinates>127.85233,26.49568,0</coordinates></Point></Placemark>
<Placemark><name>블루 엔트런스 키친</name><description><![CDATA[<b>분류</b>: 식당<br><b>지역</b>: 중부 온나손<br><b>설명</b>: 타코 전문점으로 저녁까지 운영하는 카페 겸 식당.<br><b>영업</b>: 11:00~15:00 / 17:00~21:00<br><b>휴무</b>: 화요일 휴무<br><b>주차</b>: 확인 필요<br><b>주소</b>: 沖縄県国頭郡恩納村前兼久32-1<br><a href="https://www.google.com/maps/search/?api=1&amp;query=Blue%20Entrance%20Kitchen%20%E6%81%A9%E7%B4%8D%E6%9D%91">구글 지도에서 길찾기</a>]]></description><styleUrl>#s1</styleUrl><Point><coordinates>127.806,26.44963,0</coordinates></Point></Placemark>
<Placemark><name>고디스 올드 하우스</name><description><![CDATA[<b>분류</b>: 식당<br><b>지역</b>: 중부 가데나<br><b>설명</b>: 가데나 공군기지 앞의 명물 버거집. 두툼한 패티에서 육즙이 가득 흘러나오는 아메리칸 버거로 유명하다.<br><b>영업</b>: 확인 필요<br><b>휴무</b>: 확인 필요<br><b>주차</b>: 있음<br><b>주소</b>: 沖縄県中頭郡嘉手納町水釜189-1<br><a href="https://www.google.com/maps/search/?api=1&amp;query=%E3%82%B4%E3%83%BC%E3%83%87%E3%82%A3%E3%83%BC%E3%82%BA%20%E5%98%89%E6%89%8B%E7%B4%8D%E7%94%BA">구글 지도에서 길찾기</a>]]></description><styleUrl>#s1</styleUrl><Point><coordinates>127.7546,26.36061,0</coordinates></Point></Placemark>
<Placemark><name>바다가보이는소바야</name><description><![CDATA[<b>분류</b>: 소바<br><b>지역</b>: 중부 가데나<br><b>설명</b>: 이름처럼 바다 전망을 보며 전통 오키나와 소바와 젠자이(팥빙수)를 즐길 수 있는 식당.<br><b>영업</b>: 확인 필요<br><b>휴무</b>: 확인 필요<br><b>주차</b>: 확인 필요<br><b>주소</b>: 沖縄県中頭郡嘉手納町水釜6-25-13<br><a href="https://www.google.com/maps/search/?api=1&amp;query=%E6%B5%B7%E3%81%8C%E8%A6%8B%E3%81%88%E3%82%8B%E3%81%9D%E3%81%B0%E5%AE%B6%20%E5%98%89%E6%89%8B%E7%B4%8D%E7%94%BA">구글 지도에서 길찾기</a>]]></description><styleUrl>#s1</styleUrl><Point><coordinates>127.7546,26.36061,0</coordinates></Point></Placemark>
<Placemark><name>미요야</name><description><![CDATA[<b>분류</b>: 소바<br><b>지역</b>: 중부 가데나<br><b>설명</b>: 화학조미료를 쓰지 않고 가쓰오와 다시마로 육수를 낸 오키나와 소바 노포.<br><b>영업</b>: 확인 필요<br><b>휴무</b>: 확인 필요<br><b>주차</b>: 확인 필요<br><b>주소</b>: 沖縄県中頭郡嘉手納町嘉手納463-13<br><a href="https://www.google.com/maps/search/?api=1&amp;query=%E3%81%BF%E3%82%88%E5%AE%B6%20%E5%98%89%E6%89%8B%E7%B4%8D%E7%94%BA">구글 지도에서 길찾기</a>]]></description><styleUrl>#s1</styleUrl><Point><coordinates>127.7546,26.36061,0</coordinates></Point></Placemark>
<Placemark><name>사치식당</name><description><![CDATA[<b>분류</b>: 식당<br><b>지역</b>: 중부 이시카와<br><b>설명</b>: 야카 출신 주인이 만드는 본격 오키나와 요리 식당. 간판 메뉴는 챠이리차(내장 볶음)와 소키소바이며, 바다가 보이는 절경 속에서 든든한 정식을 즐길 수 있다. 美原골프연습장 부지 내에 있다.<br><b>영업</b>: 홈페이지 영업시간 페이지 확인 필요<br><b>휴무</b>: 확인 필요<br><b>주차</b>: 있음(골프연습장 주차장, 약 80대)<br><b>주소</b>: 沖縄県うるま市石川東恩納1681-11 美原ゴルフレンジ<br><a href="https://www.google.com/maps/search/?api=1&amp;query=%E5%B9%B8%E9%A3%9F%E5%A0%82%20%E3%81%86%E3%82%8B%E3%81%BE%E5%B8%82%E7%9F%B3%E5%B7%9D">구글 지도에서 길찾기</a>]]></description><styleUrl>#s1</styleUrl><Point><coordinates>127.83198,26.40898,0</coordinates></Point></Placemark>
<Placemark><name>이시카와노에키</name><description><![CDATA[<b>분류</b>: 식당<br><b>지역</b>: 중부 이시카와<br><b>설명</b>: 1,000엔 이하로 즐길 수 있는 오키나와 소바·정식 노포. 지역민 단골이 많고 르네상스 리조트 오키나와에서 차로 8분 거리.<br><b>영업</b>: 확인 필요<br><b>휴무</b>: 확인 필요<br><b>주차</b>: 확인 필요<br><a href="https://www.google.com/maps/search/?api=1&amp;query=%E7%9F%B3%E5%B7%9D%E3%81%AE%E9%A7%85%20%E3%81%86%E3%82%8B%E3%81%BE%E5%B8%82">구글 지도에서 길찾기</a>]]></description><styleUrl>#s1</styleUrl><Point><coordinates>127.8352,26.43408,0</coordinates></Point></Placemark>
</Folder>
<Folder><name>디저트 (20)</name>
<Placemark><name>이졸라</name><description><![CDATA[<b>분류</b>: 디저트<br><b>지역</b>: 중부 차탄 미하마<br><b>설명</b>: 아메리칸빌리지 안 젤라토·도넛 전문점. 오키나와산 식재료를 사용한 부드러운 젤라토로 죄책감 적은 디저트를 표방한다.<br><b>주소</b>: 沖縄県中頭郡北谷町美浜<br><a href="https://www.google.com/maps/search/?api=1&amp;query=ISOLA%20gelato%20%E5%8C%97%E8%B0%B7%20%E7%BE%8E%E6%B5%9C">구글 지도에서 길찾기</a>]]></description><styleUrl>#s2</styleUrl><Point><coordinates>127.75384,26.32709,0</coordinates></Point></Placemark>
<Placemark><name>류쿄칸미 상수시</name><description><![CDATA[<b>분류</b>: 디저트<br><b>지역</b>: 중부 북중성(기타나카구스쿠)<br><b>설명</b>: 오키나와와 교토 감성을 결합한 화과자·디저트 카페. 교토풍 잡화 판매 코너와 키즈룸도 있어 가족 단위 방문객이 많다.<br><b>영업</b>: 월~금·공휴일 전날 11:00~18:00(L.O.17:00), 토·일·공휴일 11:00~21:00(L.O.20:00)<br><b>휴무</b>: 부정기 휴무<br><b>주차</b>: 있음<br><b>주소</b>: 沖縄県中頭郡北中城村字荻道150<br><a href="https://www.google.com/maps/search/?api=1&amp;query=%E7%90%89%E4%BA%AC%E7%94%98%E5%91%B3%20SANS%20SOUCI%20%E5%8C%97%E4%B8%AD%E5%9F%8E">구글 지도에서 길찾기</a>]]></description><styleUrl>#s2</styleUrl><Point><coordinates>127.80967,26.32073,0</coordinates></Point></Placemark>
<Placemark><name>링고 카페</name><description><![CDATA[<b>분류</b>: 디저트<br><b>지역</b>: 북부 모토부<br><b>설명</b>: 세소코섬 인근 고민가를 개조한 카페. 프랑스인 파티시에가 만드는 케이크가 간판 메뉴.<br><b>영업</b>: 11:00~16:00<br><b>휴무</b>: 월·화요일 휴무<br><b>주차</b>: 있음<br><b>주소</b>: 沖縄県国頭郡本部町瀬底279<br><a href="https://www.google.com/maps/search/?api=1&amp;query=%E3%82%8A%E3%82%93%E3%81%94%E3%82%AB%E3%83%95%E3%82%A7%20%E6%9C%AC%E9%83%A8%E7%94%BA%20%E7%80%AC%E5%BA%95">구글 지도에서 길찾기</a>]]></description><styleUrl>#s2</styleUrl><Point><coordinates>127.81745,26.64685,0</coordinates></Point></Placemark>
<Placemark><name>히가시 식당</name><description><![CDATA[<b>분류</b>: 디저트<br><b>지역</b>: 북부 나고<br><b>설명</b>: 1973년 창업, 50년 넘게 사랑받는 나고 대표 노포. 폭신폭신한 빙수 위에 팥을 올린 '밀크 젠자이'가 간판 메뉴이며 오키나와소바·고야참프루 등 식사 메뉴도 있다.<br><b>영업</b>: 11:00~18:00<br><b>휴무</b>: 연중무휴(오봉·연말연시 제외)<br><b>주차</b>: 있음(6대)<br><b>주소</b>: 沖縄県名護市大東2丁目7-1<br><a href="https://www.google.com/maps/search/?api=1&amp;query=%E3%81%B2%E3%81%8C%E3%81%97%E9%A3%9F%E5%A0%82%20%E5%90%8D%E8%AD%B7%E5%B8%82%E5%A4%A7%E6%9D%B1">구글 지도에서 길찾기</a>]]></description><styleUrl>#s2</styleUrl><Point><coordinates>127.98569,26.59036,0</coordinates></Point></Placemark>
<Placemark><name>센니치</name><description><![CDATA[<b>분류</b>: 디저트<br><b>지역</b>: 나하 국제거리<br><b>설명</b>: 창업 50여년의 오키나와 젠자이 노포. 금시두를 삶은 물로 만든 얼음을 올린 '아이스젠자이'가 대표 메뉴이며 젠자이 발상 가게로도 알려짐. 구메대로 인근, 아사히바시역에서 가깝다.<br><b>영업</b>: 11:30~20:00 (겨울철 11:30~19:00)<br><b>휴무</b>: 월요일 휴무<br><a href="https://www.google.com/maps/search/?api=1&amp;query=%E5%8D%83%E6%97%A5%20%E3%81%9B%E3%82%93%E3%81%AB%E3%81%A1%20%E9%82%A3%E8%A6%87%20%E6%97%AD%E6%A9%8B%20%E3%81%9C%E3%82%93%E3%81%96%E3%81%84">구글 지도에서 길찾기</a>]]></description><styleUrl>#s2</styleUrl><Point><coordinates>127.89585,26.66057,0</coordinates></Point></Placemark>
<Placemark><name>젠자이노 후지야 도마리 본점</name><description><![CDATA[<b>분류</b>: 디저트<br><b>지역</b>: 나하 도마리<br><b>설명</b>: 약 27년 역사의 오키나와 젠자이 노포. 금시두 삶은 물로 얼음을 만드는 것이 특징이라 얼음이 녹아도 맛이 그대로 유지된다. 비치카페 같은 분위기의 매장으로 사진 찍기도 좋다. 미에바시역에서 걸어갈 수 있는 도마리 지역, 58호선 도마리 교차로 근처.<br><b>영업</b>: 10~5월 11:00~19:00, 6~9월 11:00~20:00<br><b>주차</b>: 있음<br><b>주소</b>: 沖縄県那覇市泊<br><a href="https://www.google.com/maps/search/?api=1&amp;query=%E5%AF%8C%E5%A3%AB%E5%AE%B6%20%E6%B3%8A%E6%9C%AC%E5%BA%97%20%E9%82%A3%E8%A6%87">구글 지도에서 길찾기</a>]]></description><styleUrl>#s2</styleUrl><Point><coordinates>127.68709,26.22476,0</coordinates></Point></Placemark>
<Placemark><name>카키고오리&amp;경식 파라 하르추</name><description><![CDATA[<b>분류</b>: 디저트<br><b>지역</b>: 남부 난조시<br><b>설명</b>: 사이후아 우타키 근처, 과일이 듬뿍 올라간 빙수와 오키나와식 젠자이(단팥죽)가 인기.<br><b>영업</b>: 11:00~17:00<br><b>휴무</b>: 월요일<br><b>주소</b>: 沖縄県南城市知念久手堅425-3<br><a href="https://www.google.com/maps/search/?api=1&amp;query=%E3%81%8B%E3%81%8D%E6%B0%B7%26%E8%BB%BD%E9%A3%9F%E3%83%91%E3%83%BC%E3%83%A9%E3%83%BCHARChu%20%E5%8D%97%E5%9F%8E%E5%B8%82%E7%9F%A5%E5%BF%B5">구글 지도에서 길찾기</a>]]></description><styleUrl>#s2</styleUrl><Point><coordinates>127.82431,26.17083,0</coordinates></Point></Placemark>
<Placemark><name>바 리갈</name><description><![CDATA[<b>분류</b>: 디저트<br><b>지역</b>: 남부 난조시<br><b>설명</b>: 아이스크림과 과일 드링크 전문점. 사이후아 우타키 근처 고지대에 있다.<br><a href="https://www.google.com/maps/search/?api=1&amp;query=%E3%83%90%E3%83%BC%20%E3%83%AA%E3%82%AC%E3%83%BC%E3%83%AB%20%E5%8D%97%E5%9F%8E%E5%B8%82">구글 지도에서 길찾기</a>]]></description><styleUrl>#s2</styleUrl><Point><coordinates>127.77056,26.16321,0</coordinates></Point></Placemark>
<Placemark><name>행복의 팬케이크 우미카지테라스 오키나와점</name><description><![CDATA[<b>분류</b>: 디저트<br><b>지역</b>: 남부 세나가지마<br><b>설명</b>: 우미카지테라스에서 바다를 보며 폭신한 팬케이크를 먹을 수 있는 인기 디저트점.<br><b>영업</b>: 11:00~21:00<br><b>주차</b>: 있음(우미카지테라스 공용)<br><a href="https://www.google.com/maps/search/?api=1&amp;query=%E5%B9%B8%E3%81%9B%E3%81%AE%E3%83%91%E3%83%B3%E3%82%B1%E3%83%BC%E3%82%AD%20%E3%82%A6%E3%83%9F%E3%82%AB%E3%82%B8%E3%83%86%E3%83%A9%E3%82%B9%E6%B2%96%E7%B8%84%E5%BA%97">구글 지도에서 길찾기</a>]]></description><styleUrl>#s2</styleUrl><Point><coordinates>127.6559,26.17529,0</coordinates></Point></Placemark>
<Placemark><name>헬로 내추럴 주스 카페 도요사키</name><description><![CDATA[<b>분류</b>: 디저트<br><b>지역</b>: 남부 도미구스쿠시<br><b>설명</b>: 건강한 드링크 전문 카페.<br><b>주소</b>: 沖縄県豊見城市豊崎<br><a href="https://www.google.com/maps/search/?api=1&amp;query=%E3%83%8F%E3%83%AD%E3%83%BC%E3%83%8A%E3%83%81%E3%83%A5%E3%83%A9%E3%83%AB%E3%82%B8%E3%83%A5%E3%83%BC%E3%82%B9%E3%82%AB%E3%83%95%E3%82%A7%20%E8%B1%8A%E8%A6%8B%E5%9F%8E%E5%B8%82%E8%B1%8A%E5%B4%8E">구글 지도에서 길찾기</a>]]></description><styleUrl>#s2</styleUrl><Point><coordinates>127.66193,26.15706,0</coordinates></Point></Placemark>
<Placemark><name>가또</name><description><![CDATA[<b>분류</b>: 디저트<br><b>지역</b>: 남부 도미구스쿠시<br><b>설명</b>: 야에세초 우라세 목장 우유를 쓴 젤라또풍 아이스가 인기인 매장.<br><b>주소</b>: 沖縄県豊見城市<br><a href="https://www.google.com/maps/search/?api=1&amp;query=gatto%20%E8%B1%8A%E8%A6%8B%E5%9F%8E%E5%B8%82">구글 지도에서 길찾기</a>]]></description><styleUrl>#s2</styleUrl><Point><coordinates>127.68128,26.1772,0</coordinates></Point></Placemark>
<Placemark><name>요다레노 오지</name><description><![CDATA[<b>분류</b>: 디저트<br><b>지역</b>: 남부 하에바루<br><b>설명</b>: 츄라타마고 양계장 달걀을 쓴 팬케이크 카페.<br><b>영업</b>: 10:00~18:00<br><b>휴무</b>: 연말연시<br><b>주소</b>: 沖縄県島尻郡南風原町津嘉山<br><a href="https://www.google.com/maps/search/?api=1&amp;query=%E3%82%88%E3%81%A0%E3%82%8C%E3%81%AE%E7%8E%8B%E5%AD%90%20%E5%8D%97%E9%A2%A8%E5%8E%9F%E7%94%BA%E6%B4%A5%E5%98%89%E5%B1%B1">구글 지도에서 길찾기</a>]]></description><styleUrl>#s2</styleUrl><Point><coordinates>127.71308,26.18979,0</coordinates></Point></Placemark>
<Placemark><name>센니치</name><description><![CDATA[<b>분류</b>: 디저트<br><b>지역</b>: 나하 구메<br><b>설명</b>: 창업 70년이 넘은 오키나와 젠자이 노포. 아이스 젠자이가 대표 메뉴로 3대째 지역 주민의 사랑을 받는다.<br><b>영업</b>: 11:30~20:00 (겨울철 ~19:00)<br><b>휴무</b>: 월요일(공휴일이면 화요일)<br><b>주소</b>: 沖縄県那覇市久米1-7-14<br><a href="https://www.google.com/maps/search/?api=1&amp;query=%E5%8D%83%E6%97%A5%20%E9%82%A3%E8%A6%87%E5%B8%82%E4%B9%85%E7%B1%B3">구글 지도에서 길찾기</a>]]></description><styleUrl>#s2</styleUrl><Point><coordinates>127.67575,26.21609,0</coordinates></Point></Placemark>
<Placemark><name>아라가키 젠자이야</name><description><![CDATA[<b>분류</b>: 디저트<br><b>지역</b>: 북부 모토부초 도구치<br><b>설명</b>: 1948년 창업, 얼음 젠자이 한 가지 메뉴만 70여 년째 파는 노포. 메뉴가 젠자이 단일이라는 점이 특징.<br><b>영업</b>: 12:00~18:00<br><b>휴무</b>: 월요일<br><b>주차</b>: 무료 6대<br><b>주소</b>: 沖縄県国頭郡本部町渡久地11-2<br><a href="https://www.google.com/maps/search/?api=1&amp;query=%E6%96%B0%E5%9E%A3%E3%81%9C%E3%82%93%E3%81%96%E3%81%84%E5%B1%8B%20%E6%9C%AC%E9%83%A8%E7%94%BA%E6%B8%A1%E4%B9%85%E5%9C%B0">구글 지도에서 길찾기</a>]]></description><styleUrl>#s2</styleUrl><Point><coordinates>127.89385,26.6624,0</coordinates></Point></Placemark>
<Placemark><name>이이얀베</name><description><![CDATA[<b>분류</b>: 디저트<br><b>지역</b>: 남부 난조시 사시키<br><b>설명</b>: 국도 331호선변, 야자수길을 지나면 나오는 현지인에게 인기 많은 젠자이·빙수 전문점. 키나코·밀크·우지킨토키 등 다양한 빙수를 낸다.<br><b>영업</b>: 11:00~17:30<br><b>휴무</b>: 부정기 휴무<br><b>주소</b>: 沖縄県南城市佐敷字手登根378<br><a href="https://www.google.com/maps/search/?api=1&amp;query=%E6%B2%96%E7%B8%84%E3%81%9C%E3%82%93%E3%81%96%E3%81%84%20%E3%81%84%E3%81%84%E3%82%84%E3%82%93%E3%81%B9%E3%81%87%20%E5%8D%97%E5%9F%8E%E5%B8%82%E4%BD%90%E6%95%B7">구글 지도에서 길찾기</a>]]></description><styleUrl>#s2</styleUrl><Point><coordinates>127.80087,26.16917,0</coordinates></Point></Placemark>
<Placemark><name>츠루카메도 젠자이</name><description><![CDATA[<b>분류</b>: 디저트<br><b>지역</b>: 중부 요미탄손 자키미(잔파곶 인근)<br><b>설명</b>: 자키미성터 인근에 위치한 젠자이 명가. 6시간 삶은 금시두와 부드러운 얼음이 특징이며, 요미탄 특산 자색고구마를 올린 베니이모 젠자이가 인기.<br><a href="https://www.google.com/maps/search/?api=1&amp;query=%E9%B6%B4%E4%BA%80%E5%A0%82%E3%81%9C%E3%82%93%E3%81%96%E3%81%84%20%E8%AA%AD%E8%B0%B7%E6%9D%91%20%E5%BA%A7%E5%96%9C%E5%91%B3">구글 지도에서 길찾기</a>]]></description><styleUrl>#s2</styleUrl><Point><coordinates>127.74231,26.40623,0</coordinates></Point></Placemark>
<Placemark><name>류핀(琉冰) 온나노에키점</name><description><![CDATA[<b>분류</b>: 디저트<br><b>지역</b>: 중부 온나손 나카도마리<br><b>설명</b>: 산지 직송 시장 '온나노에키 나카유쿠이 이치바' 안에 있는 볼륨감 넘치는 과일 빙수 전문점. 연간 120만 명이 찾는 본섬 중부 명소로 한국 관광객 사이 인기가 높다.<br><b>영업</b>: 시장 영업시간 10:00~19:00 (연중무휴)<br><b>주차</b>: 있음<br><b>주소</b>: 沖縄県国頭郡恩納村字仲泊1656-9<br><a href="https://www.google.com/maps/search/?api=1&amp;query=%E7%90%89%E5%86%B0%20%E3%81%8A%E3%82%93%E3%81%AA%E3%81%AE%E9%A7%85%20%E6%81%A9%E7%B4%8D%E6%9D%91%E4%BB%B2%E6%B3%8A">구글 지도에서 길찾기</a>]]></description><styleUrl>#s2</styleUrl><Point><coordinates>127.79948,26.43645,0</coordinates></Point></Placemark>
<Placemark><name>호우키보시 미나토가와 본점</name><description><![CDATA[<b>분류</b>: 디저트<br><b>지역</b>: 중부 우라소에 미나토가와<br><b>설명</b>: 오키나와 최초의 흑설탕 카누레 전문점. 타라마섬산 흑설탕에 열대과일·오키나와 우유 등을 넣은 미니 카누레를 판다.<br><b>영업</b>: 11:30~17:30<br><b>휴무</b>: 자료 상이(연중무휴 또는 부정기 휴무로 표기, 확인 필요)<br><b>주차</b>: 없음<br><b>주소</b>: 沖縄県浦添市港川2-16-2 港川沖商住宅25号室<br><a href="https://www.google.com/maps/search/?api=1&amp;query=%E9%BB%92%E7%B3%96%E3%82%AB%E3%83%8C%E3%83%AC%20%E3%81%BB%E3%81%86%E3%81%8D%E6%98%9F%20%E6%B8%AF%E5%B7%9D%E6%9C%AC%E5%BA%97%20%E6%B5%A6%E6%B7%BB">구글 지도에서 길찾기</a>]]></description><styleUrl>#s2</styleUrl><Point><coordinates>127.71241,26.26782,0</coordinates></Point></Placemark>
<Placemark><name>모리노차야</name><description><![CDATA[<b>분류</b>: 디저트<br><b>지역</b>: 중부 요미탄<br><b>설명</b>: 야치문의 마을 안에 있는 작은 찻집. 도자기 구경 중 잠시 쉬며 젠자이(오키나와식 단팥 빙수)를 먹을 수 있다.<br><b>영업</b>: 확인 필요<br><b>휴무</b>: 확인 필요<br><b>주차</b>: 있음(야치문의 마을 공용)<br><b>주소</b>: 沖縄県中頭郡読谷村座喜味 やちむんの里<br><a href="https://www.google.com/maps/search/?api=1&amp;query=%E6%A3%AE%E3%81%AE%E8%8C%B6%E5%B1%8B%20%E3%82%84%E3%81%A1%E3%82%80%E3%82%93%E3%81%AE%E9%87%8C%20%E8%AA%AD%E8%B0%B7%E6%9D%91">구글 지도에서 길찾기</a>]]></description><styleUrl>#s2</styleUrl><Point><coordinates>127.75143,26.40529,0</coordinates></Point></Placemark>
<Placemark><name>파니라니 타나카과실점</name><description><![CDATA[<b>분류</b>: 디저트<br><b>지역</b>: 중부 온나손<br><b>설명</b>: 하늘색 지붕이 눈에 띄는 가게. 다채로운 색이 올라간 레인보우 빙수가 인기 메뉴.<br><b>영업</b>: 월·목~일 11:00~18:00<br><b>휴무</b>: 화·수요일 휴무<br><b>주차</b>: 있음<br><b>주소</b>: 沖縄県国頭郡恩納村瀬良垣2503<br><a href="https://www.google.com/maps/search/?api=1&amp;query=%E3%83%91%E3%83%8B%E3%83%A9%E3%83%8B%20%E7%94%B0%E4%B8%AD%E6%9E%9C%E5%AE%9F%E5%BA%97%20%E6%81%A9%E7%B4%8D%E6%9D%91">구글 지도에서 길찾기</a>]]></description><styleUrl>#s2</styleUrl><Point><coordinates>127.8703,26.50574,0</coordinates></Point></Placemark>
</Folder>
<Folder><name>이자카야·바 (22)</name>
<Placemark><name>시가든</name><description><![CDATA[<b>분류</b>: 이자카야<br><b>지역</b>: 중부 차탄 미나토<br><b>설명</b>: 바로 앞에 바다와 반짝이는 미하마 야경이 펼쳐지는 리조트풍 다이닝바. 외국인 손님도 많아 이국적인 분위기에서 야경을 보며 식사할 수 있다.<br><b>주소</b>: 沖縄県中頭郡北谷町港15 シータイムビル2階<br><a href="https://www.google.com/maps/search/?api=1&amp;query=SEAGARDEN%20%E5%8C%97%E8%B0%B7%20%E6%B8%AF">구글 지도에서 길찾기</a>]]></description><styleUrl>#s3</styleUrl><Point><coordinates>127.7561,26.32703,0</coordinates></Point></Placemark>
<Placemark><name>코자 맥주공방</name><description><![CDATA[<b>분류</b>: 바<br><b>지역</b>: 중부 코자(오키나와시) 중앙<br><b>설명</b>: 직접 양조한 자가제 지역맥주 '코자 맥주'를 이곳에서만 맛볼 수 있는 비어바. 코자 시내 나이트라이프를 즐기기 좋은 곳.<br><b>영업</b>: 17:00~24:00<br><b>휴무</b>: 일요일 휴무<br><b>주소</b>: 沖縄県沖縄市中央1-24-13 2F<br><a href="https://www.google.com/maps/search/?api=1&amp;query=%E3%82%B3%E3%82%B6%E9%BA%A6%E9%85%92%E5%B7%A5%E6%88%BF%20%E6%B2%96%E7%B8%84%E5%B8%82%E4%B8%AD%E5%A4%AE">구글 지도에서 길찾기</a>]]></description><styleUrl>#s3</styleUrl><Point><coordinates>127.91,26.3317,0</coordinates></Point></Placemark>
<Placemark><name>라이브하우스 잔발라야</name><description><![CDATA[<b>분류</b>: 바<br><b>지역</b>: 중부 코자(오키나와시) 나카노마치<br><b>설명</b>: 심야부터 생연주가 시작되는 코자 나카노마치의 노포 뮤직바. 올디스를 축으로 팝·록·연주곡을 아늑한 분위기에서 즐길 수 있는, 코자 음악 문화를 상징하는 장소.<br><b>영업</b>: 24:00~6:00<br><b>휴무</b>: 일·월 휴무<br><b>주소</b>: 沖縄県沖縄市上地1-16-3<br><a href="https://www.google.com/maps/search/?api=1&amp;query=%E3%83%A9%E3%82%A4%E3%83%96%E3%83%8F%E3%82%A6%E3%82%B9%20%E3%82%B8%E3%83%A3%E3%83%B3%E3%83%90%E3%83%A9%E3%83%A4%20%E6%B2%96%E7%B8%84%E5%B8%82">구글 지도에서 길찾기</a>]]></description><styleUrl>#s3</styleUrl><Point><coordinates>127.68227,26.22775,0</coordinates></Point></Placemark>
<Placemark><name>다이슈 이자카야 와라쿠</name><description><![CDATA[<b>분류</b>: 이자카야<br><b>지역</b>: 북부 나고<br><b>설명</b>: 야마바레지마돈(산돼지)·추라부타·섬채소 등 나고산 식재료와 흑당·시마토가라시 등 오키나와 조미료를 쓰는 대중 이자카야. 명물 어니언링 타워가 인기.<br><b>영업</b>: 17:30~25:30 (토요일은 26:00까지)<br><b>휴무</b>: 화요일 휴무<br><b>주소</b>: 沖縄県名護市城1-1-6<br><a href="https://www.google.com/maps/search/?api=1&amp;query=%E5%A4%A7%E8%A1%86%E5%B1%85%E9%85%92%E5%B1%8B%20%E5%92%8C%E6%A5%BD%20%E5%90%8D%E8%AD%B7%E5%B8%82%E5%9F%8E">구글 지도에서 길찾기</a>]]></description><styleUrl>#s3</styleUrl><Point><coordinates>127.97726,26.59235,0</coordinates></Point></Placemark>
<Placemark><name>아마노가와쇼쿠도 팅가라</name><description><![CDATA[<b>분류</b>: 이자카야<br><b>지역</b>: 북부 모토부<br><b>설명</b>: 아구돼지·이시가키규·얀바루도리 등 지역 식재료로 만든 창작 오키나와 요리에 아와모리 150종 이상을 갖춘 이자카야. 밤 7시 반경부터 라이브 시마우타(오키나와 민요) 공연이 열린다.<br><b>영업</b>: 18:00~23:00 (요리 L.O.22:00, 음료 L.O.22:30)<br><b>휴무</b>: 수요일 휴무<br><b>주소</b>: 沖縄県国頭郡本部町字大浜863-4 大都ビル5F<br><a href="https://www.google.com/maps/search/?api=1&amp;query=%E5%A4%A9%E3%81%AE%E5%B7%9D%E9%A3%9F%E5%A0%82%20%E3%81%A6%E3%81%83%E3%82%93%E3%81%8C%E3%83%BC%E3%82%89%20%E6%9C%AC%E9%83%A8%E7%94%BA">구글 지도에서 길찾기</a>]]></description><styleUrl>#s3</styleUrl><Point><coordinates>127.88764,26.65408,0</coordinates></Point></Placemark>
<Placemark><name>테즈쿠리 교자노미세 벤리야 타마레이론</name><description><![CDATA[<b>분류</b>: 이자카야<br><b>지역</b>: 나하 사카에마치<br><b>설명</b>: 행렬이 서는 교자 전문점으로 유명한 사카에마치 시장의 대표 이자카야. 오리온 맥주와 함께 즙 가득한 야키교자를 즐기기 좋다.<br><a href="https://www.google.com/maps/search/?api=1&amp;query=%E3%81%B9%E3%82%93%E3%82%8A%E5%B1%8B%20%E7%8E%89%E7%8E%B2%E7%93%8F%20%E6%A0%84%E7%94%BA%E5%B8%82%E5%A0%B4%20%E9%82%A3%E8%A6%87">구글 지도에서 길찾기</a>]]></description><styleUrl>#s3</styleUrl><Point><coordinates>127.67915,26.21223,0</coordinates></Point></Placemark>
<Placemark><name>사카에마치 보틀넥</name><description><![CDATA[<b>분류</b>: 이자카야<br><b>지역</b>: 나하 사카에마치<br><b>설명</b>: 일반 민가를 개조한 가게로, 하시고자케(2차 술집순회)의 마무리로 오키나와소바를 먹기 좋은 곳으로 소개됨. 지역 주민과 어울려 마시는 분위기.<br><a href="https://www.google.com/maps/search/?api=1&amp;query=%E6%A0%84%E7%94%BA%E3%83%9C%E3%83%88%E3%83%AB%E3%83%8D%E3%83%83%E3%82%AF%20%E9%82%A3%E8%A6%87">구글 지도에서 길찾기</a>]]></description><styleUrl>#s3</styleUrl><Point><coordinates>127.67915,26.21223,0</coordinates></Point></Placemark>
<Placemark><name>나카마 상점</name><description><![CDATA[<b>분류</b>: 이자카야<br><b>지역</b>: 나하 사카에마치<br><b>설명</b>: 사카에마치 시장의 센베로(저가 이자카야) 가게 중 하나.<br><b>영업</b>: 16:00~24:00<br><b>휴무</b>: 일요일 휴무<br><a href="https://www.google.com/maps/search/?api=1&amp;query=%E3%81%AA%E3%81%8B%E3%81%BE%E5%95%86%E5%BA%97%20%E6%A0%84%E7%94%BA%E5%B8%82%E5%A0%B4%20%E9%82%A3%E8%A6%87">구글 지도에서 길찾기</a>]]></description><styleUrl>#s3</styleUrl><Point><coordinates>127.67915,26.21223,0</coordinates></Point></Placemark>
<Placemark><name>젠쇼쿠 본점</name><description><![CDATA[<b>분류</b>: 이자카야<br><b>지역</b>: 나하 사카에마치<br><b>설명</b>: 연중무휴로 늦게까지 운영하는 사카에마치 시장의 센베로 이자카야.<br><b>영업</b>: 16:00~익일 1:00 (금·토는 익일 2:00, 일요일은 15:00~22:00)<br><b>휴무</b>: 연중무휴<br><a href="https://www.google.com/maps/search/?api=1&amp;query=%E5%85%A8%E8%89%B2%E6%9C%AC%E5%BA%97%20%E6%A0%84%E7%94%BA%E5%B8%82%E5%A0%B4%20%E9%82%A3%E8%A6%87">구글 지도에서 길찾기</a>]]></description><styleUrl>#s3</styleUrl><Point><coordinates>127.67915,26.21223,0</coordinates></Point></Placemark>
<Placemark><name>다이짱 사카바</name><description><![CDATA[<b>분류</b>: 이자카야<br><b>지역</b>: 나하 사카에마치<br><b>설명</b>: 오뎅·쿠시아게와 함께 저가로 즐기는 사카에마치의 센베로 술집.<br><b>영업</b>: 17:00~24:00<br><b>휴무</b>: 연중무휴<br><a href="https://www.google.com/maps/search/?api=1&amp;query=%E5%A4%A7%E3%81%A1%E3%82%83%E3%82%93%E9%85%92%E5%A0%B4%20%E6%A0%84%E7%94%BA%E5%B8%82%E5%A0%B4%20%E9%82%A3%E8%A6%87">구글 지도에서 길찾기</a>]]></description><styleUrl>#s3</styleUrl><Point><coordinates>127.67915,26.21223,0</coordinates></Point></Placemark>
<Placemark><name>코츠지루야</name><description><![CDATA[<b>분류</b>: 이자카야<br><b>지역</b>: 나하 사카에마치<br><b>설명</b>: 오키나와식 뼈국(骨汁) 전문 이자카야. 사카에마치 시장 안에서 향토 요리를 안주로 술을 즐기기 좋다.<br><b>영업</b>: 17:00~23:30<br><b>휴무</b>: 화요일 휴무<br><a href="https://www.google.com/maps/search/?api=1&amp;query=%E9%AA%A8%E6%B1%81%E5%B1%8B%20%E6%A0%84%E7%94%BA%E5%B8%82%E5%A0%B4%20%E9%82%A3%E8%A6%87">구글 지도에서 길찾기</a>]]></description><styleUrl>#s3</styleUrl><Point><coordinates>127.67915,26.21223,0</coordinates></Point></Placemark>
<Placemark><name>누치 바이 더블유피유</name><description><![CDATA[<b>분류</b>: 바<br><b>지역</b>: 나하 마키시<br><b>설명</b>: 국제거리에서 도보로 갈 수 있는 골목에 있는 뮤직바. 오키나와의 자연·풍토에서 착안한 시그니처 칵테일과 레코드 음악을 함께 즐기는 은신처 같은 공간.<br><b>영업</b>: 화~일 19:00~익일 2:00<br><b>휴무</b>: 월요일 휴무<br><b>주소</b>: 沖縄県那覇市牧志3-3-4 SYMBA BASE 2F<br><a href="https://www.google.com/maps/search/?api=1&amp;query=N%C3%9CCHI%20by%20WP%C3%9C%20%E9%82%A3%E8%A6%87%E5%B8%82%E7%89%A7%E5%BF%97">구글 지도에서 길찾기</a>]]></description><styleUrl>#s3</styleUrl><Point><coordinates>127.69259,26.21719,0</coordinates></Point></Placemark>
<Placemark><name>바 포르투나</name><description><![CDATA[<b>분류</b>: 바<br><b>지역</b>: 나하 국제거리<br><b>설명</b>: 국제거리에서 사쿠라자카 방향으로 도보 3분, 병 약 700개를 갖춘 캐주얼한 숨은 바. 오키나와·아와모리 칵테일이 다양하다.<br><a href="https://www.google.com/maps/search/?api=1&amp;query=BAR%20FORTUNA%20%E5%9B%BD%E9%9A%9B%E9%80%9A%E3%82%8A%20%E9%82%A3%E8%A6%87">구글 지도에서 길찾기</a>]]></description><styleUrl>#s3</styleUrl><Point><coordinates>127.67915,26.21223,0</coordinates></Point></Placemark>
<Placemark><name>우키시마 브루잉</name><description><![CDATA[<b>분류</b>: 바<br><b>지역</b>: 나하 우키시마도리<br><b>설명</b>: 우키시마도리에 있는 크래프트 비어 공방 겸 탭룸. 상시 15종 이상의 자체 양조 맥주를 오키나와와 세계 항구 도시를 테마로 한 요리와 함께 낸다.<br><a href="https://www.google.com/maps/search/?api=1&amp;query=%E6%B5%AE%E5%B3%B6%E3%83%96%E3%83%AB%E3%83%BC%E3%82%A4%E3%83%B3%E3%82%B0%20%E9%82%A3%E8%A6%87">구글 지도에서 길찾기</a>]]></description><styleUrl>#s3</styleUrl><Point><coordinates>127.68879,26.21361,0</coordinates></Point></Placemark>
<Placemark><name>우리즌</name><description><![CDATA[<b>분류</b>: 이자카야<br><b>지역</b>: 나하 아사토<br><b>설명</b>: 1972년 본토 복귀 해에 문 연 아와모리·류큐요리 노포. 카운터 앞에 놓인 대형 항아리에 고주(古酒)를 저장하며, 두루텐 등 전통 요리를 낸다.<br><b>영업</b>: 17:30~24:00<br><b>휴무</b>: 연중무휴<br><b>주소</b>: 沖縄県那覇市安里388-5<br><a href="https://www.google.com/maps/search/?api=1&amp;query=%E3%81%86%E3%82%8A%E3%81%9A%E3%82%93%20%E9%82%A3%E8%A6%87%E5%B8%82%E5%AE%89%E9%87%8C">구글 지도에서 길찾기</a>]]></description><styleUrl>#s3</styleUrl><Point><coordinates>127.69576,26.2168,0</coordinates></Point></Placemark>
<Placemark><name>오니노우데</name><description><![CDATA[<b>분류</b>: 바<br><b>지역</b>: 나하 츠보야(야치문 거리)<br><b>설명</b>: 2016년 오픈, 야치문 도자기와 오키나와 전통 술잔(카라카라 등)으로 약 400종의 아와모리를 즐기는 바. 츠보야 야치문 거리에 위치.<br><b>영업</b>: 일~토·공휴일 19:00~23:00<br><b>휴무</b>: 수요일<br><b>주소</b>: 沖縄県那覇市壺屋1-7-13<br><a href="https://www.google.com/maps/search/?api=1&amp;query=%E3%82%AA%E3%83%8B%E3%83%8E%E3%82%A6%E3%83%87%20%E9%82%A3%E8%A6%87%E5%B8%82%E5%A3%BA%E5%B1%8B">구글 지도에서 길찾기</a>]]></description><styleUrl>#s3</styleUrl><Point><coordinates>127.69361,26.21224,0</coordinates></Point></Placemark>
<Placemark><name>코슈라쿠</name><description><![CDATA[<b>분류</b>: 바<br><b>지역</b>: 나하 신도심(메카루)<br><b>설명</b>: 오키나와 본섬~이도(離島)까지 40여 양조장, 250종 이상의 아와모리 고주(古酒)를 갖춘 다이닝바. 지식 풍부한 스태프와 고주 이야기를 나눌 수 있다.<br><b>영업</b>: 매일 19:00~03:00<br><b>주소</b>: 沖縄県那覇市銘苅2-4-35<br><a href="https://www.google.com/maps/search/?api=1&amp;query=%E5%8F%A4%E9%85%92%E6%A5%BD%20%E9%82%A3%E8%A6%87%E5%B8%82%E9%8A%98%E8%8B%85">구글 지도에서 길찾기</a>]]></description><styleUrl>#s3</styleUrl><Point><coordinates>127.69989,26.23601,0</coordinates></Point></Placemark>
<Placemark><name>바 테이스팅 클럽</name><description><![CDATA[<b>분류</b>: 바<br><b>지역</b>: 나하 이즈미자키(아사히바시역 인근)<br><b>설명</b>: 유이레일 아사히바시역 도보권, 빌딩 안 은신처 같은 바. '고주(古酒)' 표찰이 붙은 항아리가 놓여 있으며 수백 종의 아와모리·증류주를 비교 시음할 수 있다.<br><b>영업</b>: 20:00경~24:00 또는 01:00 (자료마다 차이)<br><b>휴무</b>: 자료마다 화요일 또는 일요일로 다르게 표기됨, 방문 전 확인 필요<br><b>주소</b>: 沖縄県那覇市泉崎1-12-4 マカライト泉崎ビル4-A<br><a href="https://www.google.com/maps/search/?api=1&amp;query=Bar%20Tasting%20Club%20%E9%82%A3%E8%A6%87%E5%B8%82%E6%B3%89%E5%B4%8E">구글 지도에서 길찾기</a>]]></description><styleUrl>#s3</styleUrl><Point><coordinates>127.68117,26.21194,0</coordinates></Point></Placemark>
<Placemark><name>라이브 이자카야 시마우타</name><description><![CDATA[<b>분류</b>: 이자카야<br><b>지역</b>: 나하 마키시(국제거리)<br><b>설명</b>: 국제거리의 대표적 민요주점. 오키나와 대표 여성 유닛 '네네즈' 등의 민요·시마우타 라이브를 하루 3회 공연하며 마무리는 카차시로 흥을 돋운다.<br><b>영업</b>: 영업 18:00~23:00(F.L.22:00), 공연 목~월 19:00/20:10/21:20, 수 19:00/20:00/21:00<br><b>휴무</b>: 화요일(임시휴업 있음)<br><b>주소</b>: 沖縄県那覇市牧志1-2-31ハイサイビル3F<br><a href="https://www.google.com/maps/search/?api=1&amp;query=%E3%83%A9%E3%82%A4%E3%83%96%E5%B1%85%E9%85%92%E5%B1%8B%20%E5%B3%B6%E5%94%84%20%E9%82%A3%E8%A6%87%E5%B8%82%E7%89%A7%E5%BF%97">구글 지도에서 길찾기</a>]]></description><styleUrl>#s3</styleUrl><Point><coordinates>127.69259,26.21719,0</coordinates></Point></Placemark>
<Placemark><name>치누만 국제거리 마키시점</name><description><![CDATA[<b>분류</b>: 이자카야<br><b>지역</b>: 나하 마키시(국제거리)<br><b>설명</b>: 국제거리에 위치한 민요 시마우타 라이브 이자카야 체인. 오키나와 향토요리와 아구부타 요리 등을 갖추고 매일 저녁 민요 라이브를 선보인다.<br><b>영업</b>: 17:00~23:00<br><b>휴무</b>: 연중무휴<br><b>주소</b>: 沖縄県那覇市牧志1-2-26<br><a href="https://www.google.com/maps/search/?api=1&amp;query=%E3%81%A1%E3%81%AC%E3%81%BE%E3%82%93%20%E5%9B%BD%E9%9A%9B%E9%80%9A%E3%82%8A%E7%89%A7%E5%BF%97%E5%BA%97%20%E9%82%A3%E8%A6%87%E5%B8%82%E7%89%A7%E5%BF%97">구글 지도에서 길찾기</a>]]></description><styleUrl>#s3</styleUrl><Point><coordinates>127.69259,26.21719,0</coordinates></Point></Placemark>
<Placemark><name>신센이자카야 비타로</name><description><![CDATA[<b>분류</b>: 이자카야<br><b>지역</b>: 중부 우라소에 마키미나토<br><b>설명</b>: 항구에서 들어온 신선한 생선과 오키나와 가정식, 스시·피자까지 두루 즐길 수 있는 지역 이자카야.<br><b>영업</b>: 정보 없음<br><b>주차</b>: 정보 없음<br><b>주소</b>: 沖縄県浦添市牧港1丁目7-18<br><a href="https://www.google.com/maps/search/?api=1&amp;query=%E6%96%B0%E9%AE%AE%E5%B1%85%E9%85%92%E5%B1%8B%E3%81%B3%E3%81%9F%E3%82%8D%E3%83%BC%20%E6%B5%A6%E6%B7%BB%E5%B8%82%E7%89%A7%E6%B8%AF">구글 지도에서 길찾기</a>]]></description><styleUrl>#s3</styleUrl><Point><coordinates>127.71655,26.26757,0</coordinates></Point></Placemark>
<Placemark><name>카이엔타이 오키나와 아사마데야 미나토가와점</name><description><![CDATA[<b>분류</b>: 이자카야<br><b>지역</b>: 중부 우라소에 미나토가와<br><b>설명</b>: 미나토가와 인근에서 밤늦게까지 여는 체인형 이자카야. 술자리 마무리로 지역민이 즐겨 찾는다.<br><b>영업</b>: 정보 없음<br><b>주차</b>: 정보 없음<br><b>주소</b>: 沖縄県浦添市港川2丁目2-5<br><a href="https://www.google.com/maps/search/?api=1&amp;query=%E6%B5%B7%E6%8F%B4%E9%9A%8A%E6%B2%96%E7%B8%84%E6%9C%9D%E3%81%BE%E3%81%A7%E5%B1%8B%20%E6%B8%AF%E5%B7%9D%20%E6%B5%A6%E6%B7%BB">구글 지도에서 길찾기</a>]]></description><styleUrl>#s3</styleUrl><Point><coordinates>127.71241,26.26782,0</coordinates></Point></Placemark>
</Folder>
<Folder><name>쇼핑·시장 (38)</name>
<Placemark><name>아메리칸 데포</name><description><![CDATA[<b>분류</b>: 쇼핑<br><b>지역</b>: 중부 차탄 미하마(데포아일랜드)<br><b>설명</b>: 데포아일랜드의 상징 같은 미국 직수입 편집숍. 아메리칸 캐주얼 의류부터 문구·생활잡화까지 갖춰 구경만 해도 재미있는 곳.<br><b>영업</b>: 10:00~21:00<br><b>휴무</b>: 연중무휴<br><b>주차</b>: 있음<br><b>주소</b>: 沖縄県中頭郡北谷町美浜9-2 アメリカンデポA館1階<br><a href="https://www.google.com/maps/search/?api=1&amp;query=american%20depot%20%E5%8C%97%E8%B0%B7%20%E7%BE%8E%E6%B5%9C">구글 지도에서 길찾기</a>]]></description><styleUrl>#s4</styleUrl><Point><coordinates>127.75384,26.32709,0</coordinates></Point></Placemark>
<Placemark><name>난고쿠자카 티다 차탄점</name><description><![CDATA[<b>분류</b>: 쇼핑<br><b>지역</b>: 중부 차탄<br><b>설명</b>: 미야코지마에서 시작된 비치컬처 전문 편집숍의 차탄점. 서핑·비치 라이프스타일 굿즈를 큐레이션해 판매한다.<br><a href="https://www.google.com/maps/search/?api=1&amp;query=NANGOKUZAKKA%20TIDA%20%E5%8C%97%E8%B0%B7%E5%BA%97">구글 지도에서 길찾기</a>]]></description><styleUrl>#s4</styleUrl><Point><coordinates>127.75713,26.31466,0</coordinates></Point></Placemark>
<Placemark><name>스플래시 오키나와 미하마 마켓</name><description><![CDATA[<b>분류</b>: 쇼핑<br><b>지역</b>: 중부 차탄 미하마<br><b>설명</b>: 오키나와다운 디자인의 잡화를 셀렉트한 감각적인 라이프스타일 숍. 아메리칸빌리지 산책 중 들르기 좋은 기념품 가게.<br><a href="https://www.google.com/maps/search/?api=1&amp;query=Splash%20Okinawa%20Mihama%20Market%20%E5%8C%97%E8%B0%B7">구글 지도에서 길찾기</a>]]></description><styleUrl>#s4</styleUrl><Point><coordinates>127.76159,26.30577,0</coordinates></Point></Placemark>
<Placemark><name>피스풀 밸리</name><description><![CDATA[<b>분류</b>: 쇼핑<br><b>지역</b>: 중부 코자(오키나와시)<br><b>설명</b>: 80~90년대 미국산 빈티지를 중심으로 셀렉트한 코자의 대표 빈티지숍. 빈티지 티셔츠·스웨트·데님이 풍부하고 카페 공간도 함께 있다.<br><b>영업</b>: 일~목 12:00~21:00, 금·토 12:00~22:00<br><b>주소</b>: 沖縄県沖縄市中央1-36-12<br><a href="https://www.google.com/maps/search/?api=1&amp;query=PEACEFUL%20VALLEY%20%E3%82%B3%E3%82%B6%20%E4%B8%AD%E5%A4%AE">구글 지도에서 길찾기</a>]]></description><styleUrl>#s4</styleUrl><Point><coordinates>127.91,26.3317,0</coordinates></Point></Placemark>
<Placemark><name>디그다그</name><description><![CDATA[<b>분류</b>: 쇼핑<br><b>지역</b>: 중부 코자(오키나와시)<br><b>설명</b>: 보물찾기하듯 구경하는 재미가 있는 빈티지 숍. 밀리터리 재킷, 빈티지 티셔츠, 신발, 가방 등 아이템이 다양하다.<br><b>영업</b>: 12:00~19:00<br><b>주소</b>: 沖縄県沖縄市池原4丁目1-16 佐渡山アパート202号室<br><a href="https://www.google.com/maps/search/?api=1&amp;query=%E5%8F%A4%E7%9D%80%E5%B1%8B%20DIGDUG%20%E6%B2%96%E7%B8%84%E5%B8%82%20%E6%B1%A0%E5%8E%9F">구글 지도에서 길찾기</a>]]></description><styleUrl>#s4</styleUrl><Point><coordinates>127.8157,26.38006,0</coordinates></Point></Placemark>
<Placemark><name>테시오</name><description><![CDATA[<b>분류</b>: 쇼핑<br><b>지역</b>: 중부 코자(오키나와시) 게이트거리<br><b>설명</b>: 게이트거리에 있는 육가공 전문점. 매일 수제로 만드는 소시지·햄·파테가 독일 국제품평회 IFFA에서 금상 2개·은상 1개를 받을 만큼 정평이 나 있다.<br><b>영업</b>: 11:00~18:00<br><b>휴무</b>: 월요일 휴무<br><b>주소</b>: 沖縄県沖縄市中央1-10-3<br><a href="https://www.google.com/maps/search/?api=1&amp;query=TESIO%20%E3%82%B3%E3%82%B6%20%E3%82%B2%E3%83%BC%E3%83%88%E9%80%9A%E3%82%8A">구글 지도에서 길찾기</a>]]></description><styleUrl>#s4</styleUrl><Point><coordinates>127.91,26.3317,0</coordinates></Point></Placemark>
<Placemark><name>고야시장</name><description><![CDATA[<b>분류</b>: 시장<br><b>지역</b>: 중부 코자(오키나와시) 게이트거리<br><b>설명</b>: 게이트거리 코자십자로 인근의 정 많은 옛 시장. 음식점·잡화점이 모여 있고 주말 밤에는 외국인 방문객으로 이국적인 활기가 넘치는, 코자다움이 가장 짙게 남은 골목이다.<br><b>주소</b>: 沖縄県沖縄市胡屋<br><a href="https://www.google.com/maps/search/?api=1&amp;query=%E3%82%B4%E3%83%A4%E5%B8%82%E5%A0%B4%20%E6%B2%96%E7%B8%84%E5%B8%82%E8%83%A1%E5%B1%8B">구글 지도에서 길찾기</a>]]></description><styleUrl>#s4</styleUrl><Point><coordinates>127.80053,26.33566,0</coordinates></Point></Placemark>
<Placemark><name>나키진노에키 소레(로컬 마켓)</name><description><![CDATA[<b>분류</b>: 시장<br><b>지역</b>: 북부 나키진<br><b>설명</b>: 지역 여성 12명이 힘을 모아 만든 농산물 가공 직판장. 흑당·용과·자색고구마 등 다양한 맛의 사타안다기(오키나와식 도넛)와 나키진 전통 튀김떡 '친비', 특제 주시 등이 명물.<br><b>주차</b>: 있음<br><b>주소</b>: 沖縄県国頭郡今帰仁村仲宗根436<br><a href="https://www.google.com/maps/search/?api=1&amp;query=%E4%BB%8A%E5%B8%B0%E4%BB%81%E3%81%AE%E9%A7%85%20%E3%81%9D%E3%83%BC%E3%82%8C">구글 지도에서 길찾기</a>]]></description><styleUrl>#s4</styleUrl><Point><coordinates>127.97757,26.68451,0</coordinates></Point></Placemark>
<Placemark><name>나고 그로서리 스토어</name><description><![CDATA[<b>분류</b>: 쇼핑<br><b>지역</b>: 북부 나고<br><b>설명</b>: 나고시영시장 2층에 자리한 셀렉트숍. 나고 지역 특산품과 나고 출신 작가들의 공예품·잡화를 한곳에서 만날 수 있다.<br><b>영업</b>: 10:30~18:30<br><b>휴무</b>: 화요일 휴무(정보 엇갈림, 방문 전 확인 권장)<br><b>주차</b>: 시장 공용 주차장 이용<br><b>주소</b>: 沖縄県名護市城1-4-11 名護市営市場2F<br><a href="https://www.google.com/maps/search/?api=1&amp;query=Nago%20Grocery%20Store%20%E5%90%8D%E8%AD%B7%E5%B8%82%E5%96%B6%E5%B8%82%E5%A0%B4">구글 지도에서 길찾기</a>]]></description><styleUrl>#s4</styleUrl><Point><coordinates>127.98394,26.58941,0</coordinates></Point></Placemark>
<Placemark><name>블랑쉬</name><description><![CDATA[<b>분류</b>: 쇼핑<br><b>지역</b>: 북부 나고<br><b>설명</b>: 나고 시내에 있는 인테리어 잡화점. 오키나와 감성 소품과 생활 잡화를 셀렉트해 판매한다.<br><b>영업</b>: 월~토 12:00~19:00, 일 12:00~15:00<br><b>주차</b>: 있음<br><b>주소</b>: 沖縄県名護市大北5-22-27<br><a href="https://www.google.com/maps/search/?api=1&amp;query=blanche%20%E5%90%8D%E8%AD%B7%E5%B8%82%E5%A4%A7%E5%8C%97">구글 지도에서 길찾기</a>]]></description><styleUrl>#s4</styleUrl><Point><coordinates>127.99541,26.60001,0</coordinates></Point></Placemark>
<Placemark><name>티투티 오키나완 크래프트</name><description><![CDATA[<b>분류</b>: 쇼핑<br><b>지역</b>: 나하 츠보야<br><b>설명</b>: 야치문거리 입구 근처의 작은 공예 셀렉트샵. 도예·직물·빈가타(홍형) 작가 3인과 코디네이터가 함께 운영하며, 일상에서 쓰기 좋은 오키나와 공예품을 소개한다.<br><b>주소</b>: 沖縄県那覇市牧志3-6-37<br><a href="https://www.google.com/maps/search/?api=1&amp;query=tituti%20OKINAWAN%20CRAFT%20%E9%82%A3%E8%A6%87%E5%B8%82%E7%89%A7%E5%BF%97">구글 지도에서 길찾기</a>]]></description><styleUrl>#s4</styleUrl><Point><coordinates>127.69259,26.21719,0</coordinates></Point></Placemark>
<Placemark><name>이쿠토엔</name><description><![CDATA[<b>분류</b>: 쇼핑<br><b>지역</b>: 나하 츠보야<br><b>설명</b>: 야치문거리의 역사 있는 도예 가마원이 만드는 브랜드. 심플하고 모던한 디자인의 그릇이 특징이며 양식·일식 모두에 어울린다.<br><a href="https://www.google.com/maps/search/?api=1&amp;query=%E8%82%B2%E9%99%B6%E5%9C%92%20%E5%A3%BA%E5%B1%8B%E3%82%84%E3%81%A1%E3%82%80%E3%82%93%E9%80%9A%E3%82%8A%20%E9%82%A3%E8%A6%87">구글 지도에서 길찾기</a>]]></description><styleUrl>#s4</styleUrl><Point><coordinates>127.67915,26.21223,0</coordinates></Point></Placemark>
<Placemark><name>얏치토문</name><description><![CDATA[<b>분류</b>: 쇼핑<br><b>지역</b>: 나하 츠보야<br><b>설명</b>: 야치문거리에서 다양한 작가의 그릇을 만날 수 있는 가게. 도쿄에서는 보기 힘든 개성 있는 그릇이 많아 한 시간을 3번 오갈 정도로 인기라는 후기가 있다. 가마쿠라 지점도 있음.<br><a href="https://www.google.com/maps/search/?api=1&amp;query=%E3%82%84%E3%81%A3%E3%81%A1%E3%81%A8%E3%83%A0%E3%83%BC%E3%83%B3%20%E5%A3%BA%E5%B1%8B%E3%82%84%E3%81%A1%E3%82%80%E3%82%93%E9%80%9A%E3%82%8A%20%E9%82%A3%E8%A6%87">구글 지도에서 길찾기</a>]]></description><styleUrl>#s4</styleUrl><Point><coordinates>127.67915,26.21223,0</coordinates></Point></Placemark>
<Placemark><name>오키나와 마준</name><description><![CDATA[<b>분류</b>: 쇼핑<br><b>지역</b>: 나하 츠보야<br><b>설명</b>: 야치문거리 공식 가게 목록에 오른 갤러리형 잡화점.<br><a href="https://www.google.com/maps/search/?api=1&amp;query=OKINAWA%20MAJUN%20%E5%A3%BA%E5%B1%8B%E3%82%84%E3%81%A1%E3%82%80%E3%82%93%E9%80%9A%E3%82%8A%20%E9%82%A3%E8%A6%87">구글 지도에서 길찾기</a>]]></description><styleUrl>#s4</styleUrl><Point><coordinates>127.67915,26.21223,0</coordinates></Point></Placemark>
<Placemark><name>류큐 피라스</name><description><![CDATA[<b>분류</b>: 쇼핑<br><b>지역</b>: 나하 우키시마도리<br><b>설명</b>: 우키시마도리의 대표 티셔츠·잡화점. 오키나와 아티스트와 콜라보한 독특한 그래픽 티셔츠(상시 60종 이상), 시마조리(오키나와 샌들), 빈가타 소품 등을 판매.<br><a href="https://www.google.com/maps/search/?api=1&amp;query=%E7%90%89%E7%90%83%E3%81%B4%E3%82%89%E3%81%99%20%E6%B5%AE%E5%B3%B6%E9%80%9A%E3%82%8A%20%E9%82%A3%E8%A6%87">구글 지도에서 길찾기</a>]]></description><styleUrl>#s4</styleUrl><Point><coordinates>127.67915,26.21223,0</coordinates></Point></Placemark>
<Placemark><name>제일 마키시 공설시장</name><description><![CDATA[<b>분류</b>: 시장<br><b>지역</b>: 나하 마키시<br><b>설명</b>: 나하 관광의 핵심인 재래시장. 1층에서 생선·고기를 사서 2층 식당에서 바로 조리해 먹는 '모치아게' 시스템이 명물이며 관광객과 지역민 모두가 찾는다.<br><a href="https://www.google.com/maps/search/?api=1&amp;query=%E7%AC%AC%E4%B8%80%E7%89%A7%E5%BF%97%E5%85%AC%E8%A8%AD%E5%B8%82%E5%A0%B4%20%E9%82%A3%E8%A6%87">구글 지도에서 길찾기</a>]]></description><styleUrl>#s4</styleUrl><Point><coordinates>127.68829,26.21455,0</coordinates></Point></Placemark>
<Placemark><name>사카에마치 시장</name><description><![CDATA[<b>분류</b>: 시장<br><b>지역</b>: 나하 사카에마치<br><b>설명</b>: 전후 암시장에서 시작된 로컬 색이 강한 시장. 낮에는 조용한 상점가지만 저녁부터 센베로·이자카야가 문을 열며 지역민들로 붐빈다. 모노레일 아사토역 인근.<br><a href="https://www.google.com/maps/search/?api=1&amp;query=%E6%A0%84%E7%94%BA%E5%B8%82%E5%A0%B4%20%E9%82%A3%E8%A6%87">구글 지도에서 길찾기</a>]]></description><styleUrl>#s4</styleUrl><Point><coordinates>127.69704,26.21724,0</coordinates></Point></Placemark>
<Placemark><name>도마리 이유마치</name><description><![CDATA[<b>분류</b>: 시장<br><b>지역</b>: 나하 도마리<br><b>설명</b>: 도마리 어항 안에 있는 신선어시장. 갓 경매로 낙찰된 생마구로와 해산물 덮밥이 인기지만, 인기 회·생선은 오전 중에 매진되는 경우가 많아 이른 방문이 좋다.<br><b>영업</b>: 6:00~18:00 (일부 매장은 7:00~17:00)<br><b>주차</b>: 있음<br><b>주소</b>: 沖縄県那覇市港町1丁1-18<br><a href="https://www.google.com/maps/search/?api=1&amp;query=%E6%B3%8A%E3%81%84%E3%82%86%E3%81%BE%E3%81%A1%20%E9%82%A3%E8%A6%87">구글 지도에서 길찾기</a>]]></description><styleUrl>#s4</styleUrl><Point><coordinates>127.65843,26.21319,0</coordinates></Point></Placemark>
<Placemark><name>이토만 오사카나 센터</name><description><![CDATA[<b>분류</b>: 시장<br><b>지역</b>: 남부 이토만시<br><b>설명</b>: 이토만 어업협동조합이 운영하는 위생관리형 수산시장. 갓 잡은 해산물을 회·초밥·해산물덮밥·튀김 등으로 그 자리에서 즐길 수 있다.<br><b>주차</b>: 있음<br><a href="https://www.google.com/maps/search/?api=1&amp;query=%E7%B3%B8%E6%BA%80%E3%81%8A%E9%AD%9A%E3%82%BB%E3%83%B3%E3%82%BF%E3%83%BC%20%E7%B3%B8%E6%BA%80%E5%B8%82">구글 지도에서 길찾기</a>]]></description><styleUrl>#s4</styleUrl><Point><coordinates>127.66605,26.12342,0</coordinates></Point></Placemark>
<Placemark><name>파머스마켓 이토만 우만추 시장</name><description><![CDATA[<b>분류</b>: 시장<br><b>지역</b>: 남부 이토만시<br><b>설명</b>: "지산지소"를 표방하며 2002년 문을 연 오키나와현 최초의 파머스마켓. 지역 농산물을 직판한다.<br><b>주차</b>: 있음<br><a href="https://www.google.com/maps/search/?api=1&amp;query=%E3%81%86%E3%81%BE%E3%82%93%E3%81%A1%E3%82%85%E5%B8%82%E5%A0%B4%20%E7%B3%B8%E6%BA%80%E5%B8%82">구글 지도에서 길찾기</a>]]></description><styleUrl>#s4</styleUrl><Point><coordinates>127.66195,26.13837,0</coordinates></Point></Placemark>
<Placemark><name>구마구와</name><description><![CDATA[<b>분류</b>: 쇼핑<br><b>지역</b>: 나하 츠보야<br><b>설명</b>: 창업 300여 년 츠보야야키 가마 '이쿠토엔(育陶園)'이 만든 모던 야치문 브랜드숍. 가볍고 귀여운 그릇으로 인기.<br><b>영업</b>: 10:00~17:45<br><b>휴무</b>: 1/1~1/2<br><b>주소</b>: 沖縄県那覇市壺屋1-16-21<br><a href="https://www.google.com/maps/search/?api=1&amp;query=guma%20guwa%20%E9%82%A3%E8%A6%87%E5%B8%82%E5%A3%BA%E5%B1%8B">구글 지도에서 길찾기</a>]]></description><styleUrl>#s4</styleUrl><Point><coordinates>127.69361,26.21224,0</coordinates></Point></Placemark>
<Placemark><name>미하마 아메리칸빌리지</name><description><![CDATA[<b>분류</b>: 쇼핑<br><b>지역</b>: 중부 차탄초 미하마<br><b>설명</b>: 쇼핑·영화관·볼링장·라이브하우스가 모인 미국풍 복합 상업지구. 실내 시설이 많아 비 오는 날에도 쇼핑·오락을 즐기기 좋다.<br><b>영업</b>: 점포별 상이<br><b>주차</b>: 있음<br><b>주소</b>: 沖縄県中頭郡北谷町美浜9-1<br><a href="https://www.google.com/maps/search/?api=1&amp;query=%E7%BE%8E%E6%B5%9C%E3%82%A2%E3%83%A1%E3%83%AA%E3%82%AB%E3%83%B3%E3%83%93%E3%83%AC%E3%83%83%E3%82%B8%20%E5%8C%97%E8%B0%B7%E7%94%BA%E7%BE%8E%E6%B5%9C">구글 지도에서 길찾기</a>]]></description><styleUrl>#s4</styleUrl><Point><coordinates>127.75384,26.32709,0</coordinates></Point></Placemark>
<Placemark><name>리우보 백화점 나하 본점</name><description><![CDATA[<b>분류</b>: 쇼핑<br><b>지역</b>: 나하 쿠모지<br><b>설명</b>: 오키나와현 유일의 백화점. 국제거리 인근에 위치해 비 오는 날 쇼핑·식사를 실내에서 해결하기 좋다.<br><b>영업</b>: B1~2F 10:00~20:30, 3~8F 10:00~20:00 (매장별 상이)<br><b>주차</b>: 있음<br><b>주소</b>: 沖縄県那覇市久茂地1-1-1<br><a href="https://www.google.com/maps/search/?api=1&amp;query=%E3%83%AA%E3%82%A6%E3%83%9C%E3%82%A6%20%E9%82%A3%E8%A6%87%E5%B8%82%E4%B9%85%E8%8C%82%E5%9C%B0">구글 지도에서 길찾기</a>]]></description><styleUrl>#s4</styleUrl><Point><coordinates>127.68201,26.21487,0</coordinates></Point></Placemark>
<Placemark><name>프루츠(Proots)</name><description><![CDATA[<b>분류</b>: 쇼핑<br><b>지역</b>: 중부 우라소에 미나토가와<br><b>설명</b>: 오키나와산 물건을 만든 이의 이야기와 함께 소개하는 셀렉트숍. 오너가 직접 상품을 설명해 주는 친근한 접객이 특징이다.<br><b>영업</b>: 자료 상이(11:00~18:00 또는 12:00~17:00로 표기)<br><b>휴무</b>: 수요일·첫째 주 토요일<br><b>주차</b>: 있음<br><b>주소</b>: 沖縄県浦添市港川2-16-7<br><a href="https://www.google.com/maps/search/?api=1&amp;query=Proots%20%E6%B8%AF%E5%B7%9D%20%E6%B5%A6%E6%B7%BB">구글 지도에서 길찾기</a>]]></description><styleUrl>#s4</styleUrl><Point><coordinates>127.71241,26.26782,0</coordinates></Point></Placemark>
<Placemark><name>더 플레이버 디자인 스토어 오키나와</name><description><![CDATA[<b>분류</b>: 쇼핑<br><b>지역</b>: 중부 우라소에 미나토가와<br><b>설명</b>: 향·조미료 등을 다루는 작은 편집숍. 미나토가와 산책 중 들르기 좋다.<br><b>영업</b>: 11:00~19:00<br><b>휴무</b>: 연중무휴<br><b>주차</b>: 있음<br><b>주소</b>: 沖縄県浦添市港川2-16-6 Florida19<br><a href="https://www.google.com/maps/search/?api=1&amp;query=THE%20FLAVOR%20DESIGN%20STORE%20OKINAWA%20%E6%B8%AF%E5%B7%9D%20%E6%B5%A6%E6%B7%BB">구글 지도에서 길찾기</a>]]></description><styleUrl>#s4</styleUrl><Point><coordinates>127.71241,26.26782,0</coordinates></Point></Placemark>
<Placemark><name>포트리버 마켓</name><description><![CDATA[<b>분류</b>: 쇼핑<br><b>지역</b>: 중부 우라소에 미나토가와<br><b>설명</b>: 세계 각지의 향수·소품을 모은 셀렉트숍. 아사이스무디·천연효모빵 샌드위치 등 가벼운 먹거리도 함께 판다.<br><b>영업</b>: 정보 없음<br><b>주차</b>: 정보 없음<br><b>주소</b>: 沖縄県浦添市港川2-15-8 #30<br><a href="https://www.google.com/maps/search/?api=1&amp;query=PORTRIVER%20MARKET%20%E6%B8%AF%E5%B7%9D%20%E6%B5%A6%E6%B7%BB">구글 지도에서 길찾기</a>]]></description><styleUrl>#s4</styleUrl><Point><coordinates>127.71241,26.26782,0</coordinates></Point></Placemark>
<Placemark><name>아메리칸 웨이브</name><description><![CDATA[<b>분류</b>: 쇼핑<br><b>지역</b>: 중부 우라소에 미나토가와<br><b>설명</b>: 미국인 오너가 직접 셀렉트한 20세기 빈티지 의류·잡화점.<br><b>영업</b>: 11:00~19:00<br><b>휴무</b>: 연중무휴(12/25, 연말연시 제외)<br><b>주차</b>: 있음<br><b>주소</b>: 沖縄県浦添市港川2丁目16-9 No.22<br><a href="https://www.google.com/maps/search/?api=1&amp;query=AMERICAN%20WAVE%20%E6%B8%AF%E5%B7%9D%20%E6%B5%A6%E6%B7%BB">구글 지도에서 길찾기</a>]]></description><styleUrl>#s4</styleUrl><Point><coordinates>127.71241,26.26782,0</coordinates></Point></Placemark>
<Placemark><name>기노완 유이마르셰</name><description><![CDATA[<b>분류</b>: 시장<br><b>지역</b>: 중부 기노완<br><b>설명</b>: 신선한 채소·과일 직판장 '하피모어 시장'과 여러 식당이 모인 로컬 시장. 해산물덮밥으로 유명한 식당가도 함께 있다.<br><b>영업</b>: 시설 9:00~19:00(입점 식당별로 다름, 예: 에이토식당 평일 11:00~18:00·주말 10:30~19:00)<br><b>휴무</b>: 구분(旧盆) 마지막날, 1/1~1/3<br><b>주차</b>: 있음(약 150대)<br><b>주소</b>: 沖縄県宜野湾市大山7丁目1350-81<br><a href="https://www.google.com/maps/search/?api=1&amp;query=%E3%81%8E%E3%81%AE%E3%82%8F%E3%82%93%E3%82%86%E3%81%84%E3%83%9E%E3%83%AB%E3%82%B7%E3%82%A7%20%E5%AE%9C%E9%87%8E%E6%B9%BE%E5%B8%82%E5%A4%A7%E5%B1%B1">구글 지도에서 길찾기</a>]]></description><styleUrl>#s4</styleUrl><Point><coordinates>127.75139,26.27683,0</coordinates></Point></Placemark>
<Placemark><name>미치노에키 오기미 (얀바루의 숲 비지터센터)</name><description><![CDATA[<b>분류</b>: 쇼핑<br><b>지역</b>: 북부 오기미손<br><b>설명</b>: 세계자연유산 얀바루의 관문 격 도로역. 시콰사 버거·시콰사&amp;가라키 소프트아이스크림 등 오기미손 특산품을 그 자리에서 맛볼 수 있고, 얀바루 자연·문화를 소개하는 돔 시어터도 있어 드라이브 중 들르기 좋은 쉼터다.<br><b>영업</b>: 특산품 판매 9:00~18:00 / 레스토랑 11:00~15:00(평일)·15:30(주말) / 파라 11:00~16:00<br><b>휴무</b>: 레스토랑 화요일, 파라 월·금요일, 정보센터 수요일 휴무 — 시설별로 다르니 방문 전 확인<br><b>주차</b>: 있음 (무료)<br><b>주소</b>: 沖縄県国頭郡大宜味村根路銘1373<br><a href="https://www.google.com/maps/search/?api=1&amp;query=%E9%81%93%E3%81%AE%E9%A7%85%E3%81%8A%E3%81%8A%E3%81%8E%E3%81%BF%20%E5%A4%A7%E5%AE%9C%E5%91%B3%E6%9D%91">구글 지도에서 길찾기</a>]]></description><styleUrl>#s4</styleUrl><Point><coordinates>128.11566,26.69591,0</coordinates></Point></Placemark>
<Placemark><name>바쇼후 회관 (喜如嘉 파초포 전시관)</name><description><![CDATA[<b>분류</b>: 쇼핑<br><b>지역</b>: 북부 오기미손<br><b>설명</b>: 국가지정 중요무형문화재 '기조카 파초포(芭蕉布)'의 제작 공정을 직접 볼 수 있는 전승·전시 시설. 13세기부터 이어진 오키나와 최고(最古) 직물의 본고장에서 실제 작업 현장을 보는 경험은 이 마을에서만 가능하다.<br><b>영업</b>: 11~3월 10:00~17:00 / 4~10월 10:00~17:30<br><b>주차</b>: 있음<br><b>주소</b>: 沖縄県国頭郡大宜味村字喜如嘉454<br><a href="https://www.google.com/maps/search/?api=1&amp;query=%E8%8A%AD%E8%95%89%E5%B8%83%E4%BC%9A%E9%A4%A8%20%E5%A4%A7%E5%AE%9C%E5%91%B3%E6%9D%91%E5%96%9C%E5%A6%82%E5%98%89">구글 지도에서 길찾기</a>]]></description><styleUrl>#s4</styleUrl><Point><coordinates>128.15365,26.69614,0</coordinates></Point></Placemark>
<Placemark><name>미치노에키 선라이즈 히가시</name><description><![CDATA[<b>분류</b>: 쇼핑<br><b>지역</b>: 북부 히가시손<br><b>설명</b>: 일본 최대 파인애플 생산지 히가시손의 도로역. 파인 10여 종과 잼·소스 가공품을 그 자리에서 살 수 있고, 뒤편 공원 너머로 천연 비치까지 이어져 여름엔 수영도 가능한, 조용한 소규모 휴게소다.<br><b>영업</b>: 9:00~18:00 (레스토랑 東ぬ浜 11:00~16:30, 화요일 휴무)<br><b>주차</b>: 있음 (무료)<br><b>주소</b>: 沖縄県国頭郡東村字平良550-23<br><a href="https://www.google.com/maps/search/?api=1&amp;query=%E9%81%93%E3%81%AE%E9%A7%85%E3%82%B5%E3%83%B3%E3%83%A9%E3%82%A4%E3%82%BA%E3%81%B2%E3%81%8C%E3%81%97">구글 지도에서 길찾기</a>]]></description><styleUrl>#s4</styleUrl><Point><coordinates>128.14376,26.62757,0</coordinates></Point></Placemark>
<Placemark><name>미치노에키 얀바루 파인애플 언덕 아하</name><description><![CDATA[<b>분류</b>: 쇼핑<br><b>지역</b>: 북부 구니가미손<br><b>설명</b>: 구니가미손 동해안, 파인애플 밭에 둘러싸여 태평양을 바라보는 언덕 위 도로역. 야마바루쿠이나(얀바루뜸부기)가 부지 안에 서식할 정도로 한적하고, 무료 전망대·그네·목공방까지 있어 헤도미사키로 가는 길에 들르기 좋다.<br><b>영업</b>: 시설별 상이 (공식 사이트 확인 필요)<br><b>주차</b>: 있음 (무료)<br><b>주소</b>: 沖縄県国頭郡国頭村字安波<br><a href="https://www.google.com/maps/search/?api=1&amp;query=%E3%82%84%E3%82%93%E3%81%B0%E3%82%8B%E3%83%91%E3%82%A4%E3%83%8A%E3%83%83%E3%83%97%E3%83%AB%E3%81%AE%E4%B8%98%E5%AE%89%E6%B3%A2%20%E5%9B%BD%E9%A0%AD%E6%9D%91">구글 지도에서 길찾기</a>]]></description><styleUrl>#s4</styleUrl><Point><coordinates>128.2766,26.70598,0</coordinates></Point></Placemark>
<Placemark><name>키타가마 공동매점</name><description><![CDATA[<b>분류</b>: 쇼핑<br><b>지역</b>: 중부 요미탄<br><b>설명</b>: 야치문의 마을 가장 안쪽, 4명의 도예 장인이 함께 운영하는 공동 가마의 매점. 마카이(밥공기)·머그 등 일상에서 쓰기 좋은 그릇이 풍부.<br><b>영업</b>: 공방마다 다름, 대체로 오전~오후<br><b>휴무</b>: 공방별로 정휴일이 달라 사전 확인 필요<br><b>주차</b>: 있음(야치문의 마을 공용)<br><b>주소</b>: 沖縄県中頭郡読谷村座喜味 やちむんの里<br><a href="https://www.google.com/maps/search/?api=1&amp;query=%E3%82%84%E3%81%A1%E3%82%80%E3%82%93%E3%81%AE%E9%87%8C%20%E5%8C%97%E7%AA%AF%E5%A3%B2%E5%BA%97%20%E8%AA%AD%E8%B0%B7%E6%9D%91">구글 지도에서 길찾기</a>]]></description><styleUrl>#s4</styleUrl><Point><coordinates>127.75143,26.40529,0</coordinates></Point></Placemark>
<Placemark><name>타마모토 공방</name><description><![CDATA[<b>분류</b>: 쇼핑<br><b>지역</b>: 중부 요미탄<br><b>설명</b>: 흙을 반죽하는 것부터 굽기까지 전 과정을 손으로 진행하는 공방. 머그컵을 중심으로 밥공기·접시 등 데일리웨어가 많다.<br><b>영업</b>: 확인 필요<br><b>휴무</b>: 확인 필요<br><b>주차</b>: 있음(야치문의 마을 공용)<br><b>주소</b>: 沖縄県中頭郡読谷村座喜味 やちむんの里<br><a href="https://www.google.com/maps/search/?api=1&amp;query=%E7%8E%89%E5%85%83%E5%B7%A5%E6%88%BF%20%E8%AA%AD%E8%B0%B7%E6%9D%91">구글 지도에서 길찾기</a>]]></description><styleUrl>#s4</styleUrl><Point><coordinates>127.75143,26.40529,0</coordinates></Point></Placemark>
<Placemark><name>갤러리 우츠와야</name><description><![CDATA[<b>분류</b>: 쇼핑<br><b>지역</b>: 중부 요미탄<br><b>설명</b>: 죠슈공방(常秀工房)이 직영하는 매장. 두툼한 질감에 전통 문양을 은은하게 얹은 따뜻한 느낌의 그릇들.<br><b>영업</b>: 확인 필요<br><b>휴무</b>: 확인 필요<br><b>주차</b>: 있음(야치문의 마을 공용)<br><b>주소</b>: 沖縄県中頭郡読谷村座喜味 やちむんの里<br><a href="https://www.google.com/maps/search/?api=1&amp;query=%E3%82%AE%E3%83%A3%E3%83%A9%E3%83%AA%E3%83%BC%E3%81%86%E3%81%A4%E3%82%8F%E5%AE%B6%20%E8%AA%AD%E8%B0%B7%E6%9D%91">구글 지도에서 길찾기</a>]]></description><styleUrl>#s4</styleUrl><Point><coordinates>127.75143,26.40529,0</coordinates></Point></Placemark>
<Placemark><name>야치문 야무친</name><description><![CDATA[<b>분류</b>: 쇼핑<br><b>지역</b>: 중부 요미탄<br><b>설명</b>: 야치문의 마을 입구에 있는 토공방 陶糸의 직매장. 정형화되지 않은 자유롭고 개성 있는 그릇이 특징.<br><b>영업</b>: 확인 필요<br><b>휴무</b>: 확인 필요<br><b>주차</b>: 있음(야치문의 마을 공용)<br><b>주소</b>: 沖縄県中頭郡読谷村座喜味 やちむんの里 入口<br><a href="https://www.google.com/maps/search/?api=1&amp;query=%E3%82%84%E3%81%A1%E3%82%80%E3%82%93%E3%83%A4%E3%83%A0%E3%83%81%E3%83%B3%20%E8%AA%AD%E8%B0%B7%E6%9D%91">구글 지도에서 길찾기</a>]]></description><styleUrl>#s4</styleUrl><Point><coordinates>127.75143,26.40529,0</coordinates></Point></Placemark>
<Placemark><name>도예공방 후지</name><description><![CDATA[<b>분류</b>: 쇼핑<br><b>지역</b>: 중부 요미탄<br><b>설명</b>: 물고기·거북이·하이비스커스 등 오키나와 모티프를 컬러풀하게 그려 넣은 그릇을 만드는 공방.<br><b>영업</b>: 확인 필요<br><b>휴무</b>: 확인 필요<br><b>주차</b>: 있음(야치문의 마을 공용)<br><b>주소</b>: 沖縄県中頭郡読谷村座喜味 やちむんの里<br><a href="https://www.google.com/maps/search/?api=1&amp;query=%E9%99%B6%E8%8A%B8%E5%B7%A5%E6%88%BF%E3%81%B5%E3%81%98%20%E8%AA%AD%E8%B0%B7%E6%9D%91">구글 지도에서 길찾기</a>]]></description><styleUrl>#s4</styleUrl><Point><coordinates>127.75143,26.40529,0</coordinates></Point></Placemark>
<Placemark><name>미치노에키 가데나</name><description><![CDATA[<b>분류</b>: 쇼핑<br><b>지역</b>: 중부 가데나<br><b>설명</b>: 가데나 공군기지 활주로가 보이는 전망대와 지역 농산물·먹거리 푸드코트를 함께 갖춘 로드사이드 스테이션. 가족 여행객이 잠깐 들르기 좋다.<br><b>영업</b>: 시설별 상이<br><b>주차</b>: 있음<br><b>주소</b>: 沖縄県中頭郡嘉手納町<br><a href="https://www.google.com/maps/search/?api=1&amp;query=%E9%81%93%E3%81%AE%E9%A7%85%E3%81%8B%E3%81%A7%E3%81%AA%20%E5%98%89%E6%89%8B%E7%B4%8D%E7%94%BA">구글 지도에서 길찾기</a>]]></description><styleUrl>#s4</styleUrl><Point><coordinates>127.75542,26.36176,0</coordinates></Point></Placemark>
</Folder>
<Folder><name>관광지·전망 (43)</name>
<Placemark><name>우미노에키 아야하시칸</name><description><![CDATA[<b>분류</b>: 관광지<br><b>지역</b>: 중부 우루마 해중도로<br><b>설명</b>: 해중도로 한가운데 있는 휴게시설. 1층은 특산품·생선 판매점과 뷔페 레스토랑, 2층은 해양문화자료관으로 해중도로 건설 역사를 볼 수 있어 드라이브 중 들르기 좋다.<br><b>영업</b>: 10:00~19:00(레스토랑 11:00~)<br><b>주차</b>: 있음<br><b>주소</b>: 沖縄県うるま市与那城屋平4<br><a href="https://www.google.com/maps/search/?api=1&amp;query=%E6%B5%B7%E3%81%AE%E9%A7%85%E3%81%82%E3%82%84%E3%81%AF%E3%81%97%E9%A4%A8%20%E3%81%86%E3%82%8B%E3%81%BE%E5%B8%82">구글 지도에서 길찾기</a>]]></description><styleUrl>#s5</styleUrl><Point><coordinates>127.92867,26.33138,0</coordinates></Point></Placemark>
<Placemark><name>카후반타</name><description><![CDATA[<b>분류</b>: 전망<br><b>지역</b>: 중부 우루마 미야기지마<br><b>설명</b>: 누치마스 공장 부지 내 바다로 돌출된 절벽 전망대. '행복을 부르는 곶'이라는 뜻의 이름처럼 에메랄드빛 바다를 한눈에 담을 수 있는 인생샷 명소.<br><b>주차</b>: 있음(누치마스 공장 이용)<br><b>주소</b>: 沖縄県うるま市与那城宮城2768<br><a href="https://www.google.com/maps/search/?api=1&amp;query=%E6%9E%9C%E5%A0%B1%E3%83%90%E3%83%B3%E3%82%BF%20%E3%81%86%E3%82%8B%E3%81%BE%E5%B8%82">구글 지도에서 길찾기</a>]]></description><styleUrl>#s5</styleUrl><Point><coordinates>127.9869,26.37001,0</coordinates></Point></Placemark>
<Placemark><name>시루미추 영장</name><description><![CDATA[<b>분류</b>: 관광지<br><b>지역</b>: 중부 우루마 하마히가섬<br><b>설명</b>: 류큐 개벽 신화의 무대로 전해지는 신성한 바위 동굴. 신들이 산다는 하마히가섬의 성지로, 옛 민가가 남아있는 고요한 섬 분위기를 함께 느낄 수 있다.<br><b>주소</b>: 沖縄県うるま市勝連比嘉<br><a href="https://www.google.com/maps/search/?api=1&amp;query=%E3%82%B7%E3%83%AB%E3%83%9F%E3%83%81%E3%83%A5%E3%83%BC%E9%9C%8A%E5%A0%B4%20%E6%B5%9C%E6%AF%94%E5%98%89%E5%B3%B6">구글 지도에서 길찾기</a>]]></description><styleUrl>#s5</styleUrl><Point><coordinates>127.96194,26.32036,0</coordinates></Point></Placemark>
<Placemark><name>아네츠타이차야</name><description><![CDATA[<b>분류</b>: 전망<br><b>지역</b>: 북부 모토부<br><b>설명</b>: 고지대에 위치해 이에섬 등 북부 이도(離島) 3곳을 한눈에 내려다볼 수 있는 전망 카페.<br><b>영업</b>: 11:00~해질녘<br><b>휴무</b>: 목요일 휴무<br><b>주차</b>: 있음<br><b>주소</b>: 沖縄県国頭郡本部町野原60<br><a href="https://www.google.com/maps/search/?api=1&amp;query=%E4%BA%9C%E7%86%B1%E5%B8%AF%E8%8C%B6%E5%B1%8B%20%E6%9C%AC%E9%83%A8%E7%94%BA%20%E9%87%8E%E5%8E%9F">구글 지도에서 길찾기</a>]]></description><styleUrl>#s5</styleUrl><Point><coordinates>127.8977,26.6693,0</coordinates></Point></Placemark>
<Placemark><name>와루미 대교</name><description><![CDATA[<b>분류</b>: 전망<br><b>지역</b>: 북부 야가지섬<br><b>설명</b>: 나키진손과 야가지섬을 잇는 전장 315m 아치형 다리. 해수면에서 37m 높이라 다리 위에서 내려다보는 와루미 해협의 에메랄드빛 바다가 인상적인 촬영 포인트.<br><b>영업</b>: 24시간 개방(전망 포인트)<br><b>주차</b>: 전망 스페이스 있음(협소)<br><b>주소</b>: 沖縄県国頭郡今帰仁村天底・名護市屋我地<br><a href="https://www.google.com/maps/search/?api=1&amp;query=%E3%83%AF%E3%83%AB%E3%83%9F%E5%A4%A7%E6%A9%8B%20%E5%B1%95%E6%9C%9B">구글 지도에서 길찾기</a>]]></description><styleUrl>#s5</styleUrl><Point><coordinates>127.71904,26.26315,0</coordinates></Point></Placemark>
<Placemark><name>이에지마 탓츄(성산)</name><description><![CDATA[<b>분류</b>: 전망<br><b>지역</b>: 북부 이에섬<br><b>설명</b>: 해발 172m, 섬의 상징인 뾰족한 바위산. 정상까지 약 20분이면 오를 수 있고 360도 파노라마로 섬 전체와 주변 바다를 조망할 수 있다.<br><b>영업</b>: 등산로 상시 개방<br><b>주차</b>: 중턱 전망대에 주차장 있음<br><b>주소</b>: 沖縄県国頭郡伊江村<br><a href="https://www.google.com/maps/search/?api=1&amp;query=%E4%BC%8A%E6%B1%9F%E5%B3%B6%E3%82%BF%E3%83%83%E3%83%81%E3%83%A5%E3%83%BC%20%E5%9F%8E%E5%B1%B1">구글 지도에서 길찾기</a>]]></description><styleUrl>#s5</styleUrl><Point><coordinates>127.80691,26.71349,0</coordinates></Point></Placemark>
<Placemark><name>나키진 성터</name><description><![CDATA[<b>분류</b>: 관광지<br><b>지역</b>: 북부 나키진<br><b>설명</b>: 류큐 왕국 이전 북산왕국의 성터로 세계유산. 1.5km에 달하는 웅장한 석벽과 바다 조망이 볼거리이며, 1월 말~2월 초에는 일본에서 가장 빨리 피는 칸히자쿠라(홍매화) 벚꽃 명소로도 유명하다.<br><b>영업</b>: 8:00~18:00 (시기별 변동, 벚꽃철 야간 라이트업 있음)<br><b>주차</b>: 있음<br><b>주소</b>: 沖縄県国頭郡今帰仁村今泊5101<br><a href="https://www.google.com/maps/search/?api=1&amp;query=%E4%BB%8A%E5%B8%B0%E4%BB%81%E5%9F%8E%E8%B7%A1">구글 지도에서 길찾기</a>]]></description><styleUrl>#s5</styleUrl><Point><coordinates>127.92455,26.69244,0</coordinates></Point></Placemark>
<Placemark><name>비세 후쿠기 가로수길</name><description><![CDATA[<b>분류</b>: 관광지<br><b>지역</b>: 북부 모토부<br><b>설명</b>: 태풍을 막기 위해 심은 후쿠기 나무가 마을을 감싼 초록 터널. 걷거나 자전거로 돌면 옛 오키나와 정취를 느낄 수 있고, 길 끝 비세곶·비세 해안에서는 이에섬을 바라보는 에메랄드빛 바다가 펼쳐진다.<br><b>영업</b>: 상시 개방<br><b>주차</b>: 무료 주차장 있음(약 60대, 주말 혼잡)<br><b>주소</b>: 沖縄県国頭郡本部町備瀬<br><a href="https://www.google.com/maps/search/?api=1&amp;query=%E5%82%99%E7%80%AC%E3%81%AE%E3%83%95%E3%82%AF%E3%82%AE%E4%B8%A6%E6%9C%A8">구글 지도에서 길찾기</a>]]></description><styleUrl>#s5</styleUrl><Point><coordinates>127.88439,26.70304,0</coordinates></Point></Placemark>
<Placemark><name>시오카와(소금강)</name><description><![CDATA[<b>분류</b>: 관광지<br><b>지역</b>: 북부 야가지섬<br><b>설명</b>: 전 세계에 푸에르토리코와 이곳 두 곳뿐이라는 희귀한 '염수가 솟는 강'. 전장 약 300m의 짧은 강으로 국가지정 천연기념물이다. 국도변 계단을 내려가면 바위 사이에서 솟는 물을 볼 수 있다.<br><b>영업</b>: 상시 개방<br><b>주차</b>: 있음(소규모)<br><b>주소</b>: 沖縄県名護市済井出<br><a href="https://www.google.com/maps/search/?api=1&amp;query=%E5%A1%A9%E5%B7%9D%20%E5%90%8D%E8%AD%B7%E5%B8%82%20%E5%B1%8B%E6%88%91%E5%9C%B0%E5%B3%B6">구글 지도에서 길찾기</a>]]></description><styleUrl>#s5</styleUrl><Point><coordinates>128.02048,26.66589,0</coordinates></Point></Placemark>
<Placemark><name>릴리필드 공원</name><description><![CDATA[<b>분류</b>: 관광지<br><b>지역</b>: 북부 이에섬<br><b>설명</b>: 매년 4월 말~5월 초 백만 송이 넘는 철포백합이 만발하는 공원. 높은 언덕에서 내려다보면 하얀 백합밭과 짙푸른 동중국해가 어우러지는 풍경이 장관이며, 축제 기간엔 야간 라이트업도 진행된다.<br><b>영업</b>: 상시 개방(유리 축제는 매년 4월 말~5월)<br><b>주차</b>: 있음<br><b>주소</b>: 沖縄県国頭郡伊江村字東江上<br><a href="https://www.google.com/maps/search/?api=1&amp;query=%E3%83%AA%E3%83%AA%E3%83%BC%E3%83%95%E3%82%A3%E3%83%BC%E3%83%AB%E3%83%89%E5%85%AC%E5%9C%92%20%E4%BC%8A%E6%B1%9F%E5%B3%B6">구글 지도에서 길찾기</a>]]></description><styleUrl>#s5</styleUrl><Point><coordinates>127.81033,26.72269,0</coordinates></Point></Placemark>
<Placemark><name>냐티야 동굴(가마)</name><description><![CDATA[<b>분류</b>: 관광지<br><b>지역</b>: 북부 이에섬<br><b>설명</b>: 파도 침식으로 생긴 해안 동굴로 별명은 '천 명이 숨었던 동굴'(千人洞) — 오키나와 전투 당시 주민들이 피신했던 역사가 있다. 각도에 따라 하트 모양으로 빛이 들어오는 구멍과 '자손을 기원하는 돌'로 알려진 영험한 돌이 볼거리.<br><b>영업</b>: 견학 자유<br><b>주차</b>: 있음(무료)<br><b>주소</b>: 沖縄県国頭郡伊江村川平<br><a href="https://www.google.com/maps/search/?api=1&amp;query=%E3%83%8B%E3%83%A3%E3%83%86%E3%82%A3%E3%83%A4%E6%B4%9E%20%E4%BC%8A%E6%B1%9F%E5%B3%B6">구글 지도에서 길찾기</a>]]></description><styleUrl>#s5</styleUrl><Point><coordinates>127.78825,26.71062,0</coordinates></Point></Placemark>
<Placemark><name>고우리 오션타워</name><description><![CDATA[<b>분류</b>: 전망<br><b>지역</b>: 북부 고우리섬<br><b>설명</b>: 고우리섬 고지대에서 카트를 타고 올라가는 전망 타워. 섬의 호박(참외호박)을 활용한 '카보니' 만주, 하트 모양 디저트 등 섬 전용 기념품·디저트숍도 함께 있다.<br><b>영업</b>: 10:00~18:00 (최종 입장 17:30)<br><b>휴무</b>: 연중무휴(태풍 시 임시휴업)<br><b>주차</b>: 있음(약 200대)<br><b>주소</b>: 沖縄県国頭郡今帰仁村古宇利538<br><a href="https://www.google.com/maps/search/?api=1&amp;query=%E5%8F%A4%E5%AE%87%E5%88%A9%E3%82%AA%E3%83%BC%E3%82%B7%E3%83%A3%E3%83%B3%E3%82%BF%E3%83%AF%E3%83%BC">구글 지도에서 길찾기</a>]]></description><styleUrl>#s5</styleUrl><Point><coordinates>128.02,26.70102,0</coordinates></Point></Placemark>
<Placemark><name>나미노우에구</name><description><![CDATA[<b>분류</b>: 관광지<br><b>지역</b>: 나하 나미노우에<br><b>설명</b>: 나하 시내 와카사의 융기 산호초 절벽 위에 세워진 류큐팔사 중 하나. '난민상(なんみんさん)'이라는 애칭으로 불리는 오키나와 대표 파워스팟이며, 경내에서 바다가 내려다보인다. 바로 옆에 나미노우에 비치가 있다.<br><b>영업</b>: 授与所 9:00~16:45<br><a href="https://www.google.com/maps/search/?api=1&amp;query=%E6%B3%A2%E4%B8%8A%E5%AE%AE%20%E9%82%A3%E8%A6%87">구글 지도에서 길찾기</a>]]></description><styleUrl>#s5</styleUrl><Point><coordinates>127.67114,26.22056,0</coordinates></Point></Placemark>
<Placemark><name>슈리성</name><description><![CDATA[<b>분류</b>: 관광지<br><b>지역</b>: 나하 슈리<br><b>설명</b>: 류큐왕국의 정치·문화 중심이었던 성. 슈리 지역 관광의 핵심으로, 주변에 오키나와소바 노포들이 모여 있다.<br><a href="https://www.google.com/maps/search/?api=1&amp;query=%E9%A6%96%E9%87%8C%E5%9F%8E%20%E9%82%A3%E8%A6%87">구글 지도에서 길찾기</a>]]></description><styleUrl>#s5</styleUrl><Point><coordinates>127.71937,26.217,0</coordinates></Point></Placemark>
<Placemark><name>시키나엔</name><description><![CDATA[<b>분류</b>: 관광지<br><b>지역</b>: 나하 슈리(마치)<br><b>설명</b>: 슈리성 남쪽 약 2km에 위치한 류큐 왕가의 별저 정원. 중국·일본·류큐 양식이 섞인 회유식 정원으로 세계유산이며, 지금도 물이 솟는 '이쿠토쿠센' 샘이 남아있다.<br><b>주소</b>: 沖縄県那覇市真地<br><a href="https://www.google.com/maps/search/?api=1&amp;query=%E8%AD%98%E5%90%8D%E5%9C%92%20%E9%82%A3%E8%A6%87">구글 지도에서 길찾기</a>]]></description><styleUrl>#s5</styleUrl><Point><coordinates>127.71954,26.20548,0</coordinates></Point></Placemark>
<Placemark><name>지넨미사키 공원</name><description><![CDATA[<b>분류</b>: 전망<br><b>지역</b>: 남부 지넨<br><b>설명</b>: 구다카섬까지 시야가 닿는 곶 전망대. 니라이카나이 다리와 함께 남부 드라이브 코스의 하이라이트.<br><b>주차</b>: 있음<br><a href="https://www.google.com/maps/search/?api=1&amp;query=%E7%9F%A5%E5%BF%B5%E5%B2%AC%E5%85%AC%E5%9C%92%20%E5%8D%97%E5%9F%8E%E5%B8%82">구글 지도에서 길찾기</a>]]></description><styleUrl>#s5</styleUrl><Point><coordinates>127.82992,26.16666,0</coordinates></Point></Placemark>
<Placemark><name>니라이카나이 다리</name><description><![CDATA[<b>분류</b>: 전망<br><b>지역</b>: 남부 지넨<br><b>설명</b>: 터널을 빠져나오면 태평양이 펼쳐지는 남부 대표 드라이브 절경 도로.<br><a href="https://www.google.com/maps/search/?api=1&amp;query=%E3%83%8B%E3%83%A9%E3%82%A4%E3%82%AB%E3%83%8A%E3%82%A4%E6%A9%8B%20%E5%8D%97%E5%9F%8E%E5%B8%82">구글 지도에서 길찾기</a>]]></description><styleUrl>#s5</styleUrl><Point><coordinates>127.81257,26.16706,0</coordinates></Point></Placemark>
<Placemark><name>히메유리의 탑</name><description><![CDATA[<b>분류</b>: 관광지<br><b>지역</b>: 남부 이토만시<br><b>설명</b>: 오키나와 전투에서 동원된 여학생 학도대 "히메유리 학도대"를 기리는 위령비와 자료관. 오키나와 전쟁사를 배울 수 있는 대표 평화 학습지.<br><b>주차</b>: 있음<br><b>주소</b>: 沖縄県糸満市<br><a href="https://www.google.com/maps/search/?api=1&amp;query=%E3%81%B2%E3%82%81%E3%82%86%E3%82%8A%E3%81%AE%E5%A1%94%20%E7%B3%B8%E6%BA%80%E5%B8%82">구글 지도에서 길찾기</a>]]></description><styleUrl>#s5</styleUrl><Point><coordinates>127.6907,26.09639,0</coordinates></Point></Placemark>
<Placemark><name>평화기념공원</name><description><![CDATA[<b>분류</b>: 관광지<br><b>지역</b>: 남부 이토만시<br><b>설명</b>: 오키나와 전투 최대 격전지였던 마부니에 조성된 약 40ha 규모 공원. 국립 오키나와전 전몰자 묘원과 전쟁 자료 전시가 있다.<br><b>주차</b>: 있음<br><b>주소</b>: 沖縄県糸満市摩文仁<br><a href="https://www.google.com/maps/search/?api=1&amp;query=%E5%B9%B3%E5%92%8C%E7%A5%88%E5%BF%B5%E5%85%AC%E5%9C%92%20%E7%B3%B8%E6%BA%80%E5%B8%82%E6%91%A9%E6%96%87%E4%BB%81">구글 지도에서 길찾기</a>]]></description><styleUrl>#s5</styleUrl><Point><coordinates>127.72051,26.09674,0</coordinates></Point></Placemark>
<Placemark><name>세나가지마 우미카지테라스</name><description><![CDATA[<b>분류</b>: 전망<br><b>지역</b>: 나하 세나가지마(공항 인근)<br><b>설명</b>: 나하공항에서 차로 15분, 산토리니풍 흰 건물이 계단식으로 늘어선 상업시설. 테라스석에서 비행기와 함께 지는 석양을 볼 수 있고 야간에는 프로젝션 매핑도 열린다.<br><b>영업</b>: 점포별 상이, 대체로 10:00~21:00<br><b>주차</b>: 있음<br><b>주소</b>: 沖縄県豊見城市瀬長174-6<br><a href="https://www.google.com/maps/search/?api=1&amp;query=%E7%80%AC%E9%95%B7%E5%B3%B6%E3%82%A6%E3%83%9F%E3%82%AB%E3%82%B8%E3%83%86%E3%83%A9%E3%82%B9%20%E8%B1%8A%E8%A6%8B%E5%9F%8E%E5%B8%82%E7%80%AC%E9%95%B7">구글 지도에서 길찾기</a>]]></description><styleUrl>#s5</styleUrl><Point><coordinates>127.6559,26.17529,0</coordinates></Point></Placemark>
<Placemark><name>잔파곶</name><description><![CDATA[<b>분류</b>: 전망<br><b>지역</b>: 중부 요미탄손<br><b>설명</b>: 높이 약 30m 절벽이 2km 이어지는 곶으로 오키나와 본섬에서 가장 늦게 해가 지는 곳으로 유명. 흰색 대형 등대와 함께 하는 일몰이 절경.<br><b>영업</b>: 등대 참관 3~9월 토·일 등 9:30~17:30(유료)<br><b>주차</b>: 있음<br><b>주소</b>: 沖縄県中頭郡読谷村字宇座1233<br><a href="https://www.google.com/maps/search/?api=1&amp;query=%E6%AE%8B%E6%B3%A2%E5%B2%AC%20%E8%AA%AD%E8%B0%B7%E6%9D%91%E5%AE%87%E5%BA%A7">구글 지도에서 길찾기</a>]]></description><styleUrl>#s5</styleUrl><Point><coordinates>127.71984,26.42889,0</coordinates></Point></Placemark>
<Placemark><name>카이추도로(해중도로)</name><description><![CDATA[<b>분류</b>: 전망<br><b>지역</b>: 중부 요나시로<br><b>설명</b>: 요나시로 반도와 헤안자지마를 잇는 총연장 4.75km 무료 해상도로. 밤에는 중앙 헤안자 해중대교 구간이 라이트업되어 야간 드라이브 명소.<br><b>영업</b>: 상시 통행 가능<br><b>주차</b>: 해의역 아야하시칸 주차장<br><b>주소</b>: 沖縄県うるま市与那城屋平<br><a href="https://www.google.com/maps/search/?api=1&amp;query=%E6%B5%B7%E4%B8%AD%E9%81%93%E8%B7%AF%20%E3%81%86%E3%82%8B%E3%81%BE%E5%B8%82%E4%B8%8E%E9%82%A3%E5%9F%8E%E5%B1%8B%E5%B9%B3">구글 지도에서 길찾기</a>]]></description><styleUrl>#s5</styleUrl><Point><coordinates>127.92867,26.33138,0</coordinates></Point></Placemark>
<Placemark><name>코우리대교</name><description><![CDATA[<b>분류</b>: 전망<br><b>지역</b>: 북부 나키진손 코우리지마<br><b>설명</b>: 야가지지마와 코우리지마를 잇는 전장 1,960m 다리로 본섬 주변에서 가장 긴 다리. 다리 남단 전망대에서 다리와 에메랄드빛 바다, 노을이 함께 보인다.<br><b>영업</b>: 상시<br><b>주차</b>: 코우리대교 남단 전망소 무료 주차장<br><b>주소</b>: 沖縄県国頭郡今帰仁村古宇利<br><a href="https://www.google.com/maps/search/?api=1&amp;query=%E5%8F%A4%E5%AE%87%E5%88%A9%E5%A4%A7%E6%A9%8B%E5%8D%97%E8%A9%B0%E5%B1%95%E6%9C%9B%E6%89%80%20%E4%BB%8A%E5%B8%B0%E4%BB%81%E6%9D%91">구글 지도에서 길찾기</a>]]></description><styleUrl>#s5</styleUrl><Point><coordinates>128.02,26.70102,0</coordinates></Point></Placemark>
<Placemark><name>우라조에 오코엔 전망대</name><description><![CDATA[<b>분류</b>: 전망<br><b>지역</b>: 중부 우라조에시<br><b>설명</b>: 나하 시가지를 한눈에 내려다보는 야경 명소로 시야를 가리는 것이 적어 반짝이는 도심 불빛이 그대로 펼쳐진다. 데이트·드라이브 코스로 인기.<br><b>주차</b>: 있음<br><a href="https://www.google.com/maps/search/?api=1&amp;query=%E6%B5%A6%E6%B7%BB%E5%A4%A7%E5%85%AC%E5%9C%92%E5%B1%95%E6%9C%9B%E5%8F%B0%20%E6%B5%A6%E6%B7%BB%E5%B8%82">구글 지도에서 길찾기</a>]]></description><styleUrl>#s5</styleUrl><Point><coordinates>127.72198,26.24592,0</coordinates></Point></Placemark>
<Placemark><name>오키나와현립박물관·미술관(오키뮤)</name><description><![CDATA[<b>분류</b>: 관광지<br><b>지역</b>: 나하 오모로마치<br><b>설명</b>: 오키나와의 역사·문화·미술을 아우르는 복합 문화시설. 금·토요일은 20시까지 연장 개관해 저녁 우천 일정에도 활용 가능.<br><b>영업</b>: 일~목 9:00~18:00(최종입관17:30), 금·토 9:00~20:00(최종입관19:30)<br><b>휴무</b>: 월요일(공휴일·위령의날은 다음 평일)<br><b>주차</b>: 있음<br><b>주소</b>: 沖縄県那覇市おもろまち3丁目1番1号<br><a href="https://www.google.com/maps/search/?api=1&amp;query=%E6%B2%96%E7%B8%84%E7%9C%8C%E7%AB%8B%E5%8D%9A%E7%89%A9%E9%A4%A8%E3%83%BB%E7%BE%8E%E8%A1%93%E9%A4%A8%20%E9%82%A3%E8%A6%87%E5%B8%82%E3%81%8A%E3%82%82%E3%82%8D%E3%81%BE%E3%81%A1">구글 지도에서 길찾기</a>]]></description><styleUrl>#s5</styleUrl><Point><coordinates>127.69372,26.22716,0</coordinates></Point></Placemark>
<Placemark><name>아와모리 마사히로 갤러리</name><description><![CDATA[<b>분류</b>: 관광지<br><b>지역</b>: 남부 이토만시<br><b>설명</b>: 마사히로 주조의 아와모리 갤러리. 2층에서 50년 된 빈티지 고주 컬렉션과 공장 견학, 1층에서 양조장 한정 고주 무료 시음이 가능해 비 오는 날도 좋다.<br><b>영업</b>: 9:00~17:00(최종입장16:30)<br><b>휴무</b>: 12/30~1/3<br><b>주차</b>: 있음<br><b>주소</b>: 沖縄県糸満市西崎町5-8-7<br><a href="https://www.google.com/maps/search/?api=1&amp;query=%E6%B3%A1%E7%9B%9B%E3%81%BE%E3%81%95%E3%81%B2%E3%82%8D%E3%82%AE%E3%83%A3%E3%83%A9%E3%83%AA%E3%83%BC%20%E7%B3%B8%E6%BA%80%E5%B8%82%E8%A5%BF%E5%B4%8E%E7%94%BA">구글 지도에서 길찾기</a>]]></description><styleUrl>#s5</styleUrl><Point><coordinates>127.66633,26.13682,0</coordinates></Point></Placemark>
<Placemark><name>만자모</name><description><![CDATA[<b>분류</b>: 전망<br><b>지역</b>: 중부 온나손<br><b>설명</b>: 코끼리 코 모양의 산호초 절벽으로 유명한 오키나와 본섬 대표 명승지. 해 질 무렵 바다색이 변하는 낙조가 특히 아름다워 일몰 명소로 꼽힌다.<br><b>영업</b>: 상시 개방(전망대 시설은 운영시간 있음)<br><b>주차</b>: 있음<br><b>주소</b>: 沖縄県国頭郡恩納村恩納<br><a href="https://www.google.com/maps/search/?api=1&amp;query=%E4%B8%87%E5%BA%A7%E6%AF%9B%20%E6%81%A9%E7%B4%8D%E6%9D%91%E6%81%A9%E7%B4%8D">구글 지도에서 길찾기</a>]]></description><styleUrl>#s5</styleUrl><Point><coordinates>127.85233,26.49568,0</coordinates></Point></Placemark>
<Placemark><name>21세기의 숲 공원</name><description><![CDATA[<b>분류</b>: 전망<br><b>지역</b>: 북부 나고시<br><b>설명</b>: 나고 시청 앞 국도58호선변에 펼쳐진 공원으로 나고만을 향한 야외무대와 시민구장이 있다. 야구장 바로 뒤로 나고만이 보여 노을 무렵 정취가 좋다.<br><b>휴무</b>: 연말연시<br><b>주차</b>: 있음<br><b>주소</b>: 沖縄県名護市大南2-1-1<br><a href="https://www.google.com/maps/search/?api=1&amp;query=21%E4%B8%96%E7%B4%80%E3%81%AE%E6%A3%AE%E5%85%AC%E5%9C%92%20%E5%90%8D%E8%AD%B7%E5%B8%82%E5%A4%A7%E5%8D%97">구글 지도에서 길찾기</a>]]></description><styleUrl>#s5</styleUrl><Point><coordinates>127.97726,26.59235,0</coordinates></Point></Placemark>
<Placemark><name>우라소에 대공원(전망대)</name><description><![CDATA[<b>분류</b>: 전망<br><b>지역</b>: 중부 우라소에<br><b>설명</b>: 나하와 기노완 사이 언덕에 자리한 종합공원. 정상 전망대에서 360도로 야경을 볼 수 있어 현지인 데이트·야경 명소로 꼽힌다.<br><b>영업</b>: 9:00~21:00, 무료<br><b>휴무</b>: 역사학습존 내 전망대는 노후화로 2025년 3월 이후 사용 중지 예정(공원 전체 휴업은 아님, 방문 전 최신 정보 확인 필요)<br><b>주차</b>: 있음<br><b>주소</b>: 沖縄県浦添市伊祖115-1<br><a href="https://www.google.com/maps/search/?api=1&amp;query=%E6%B5%A6%E6%B7%BB%E5%A4%A7%E5%85%AC%E5%9C%92%20%E5%B1%95%E6%9C%9B%E5%8F%B0">구글 지도에서 길찾기</a>]]></description><styleUrl>#s5</styleUrl><Point><coordinates>127.72276,26.25801,0</coordinates></Point></Placemark>
<Placemark><name>사키마 미술관</name><description><![CDATA[<b>분류</b>: 관광지<br><b>지역</b>: 중부 기노완<br><b>설명</b>: 후텐마 기지 반환지 절벽 위에 세운 미술관. 마루키 부부의 대작 '오키나와전 그림' 상설전과 옥상에서 보는 동중국해 풍경이 인상적이다.<br><b>영업</b>: 9:00~17:00<br><b>휴무</b>: 화요일, 연말연시<br><b>주차</b>: 있음<br><b>주소</b>: 沖縄県宜野湾市上原358<br><a href="https://www.google.com/maps/search/?api=1&amp;query=%E4%BD%90%E5%96%9C%E7%9C%9E%E7%BE%8E%E8%A1%93%E9%A4%A8%20%E5%AE%9C%E9%87%8E%E6%B9%BE%E5%B8%82%E4%B8%8A%E5%8E%9F">구글 지도에서 길찾기</a>]]></description><styleUrl>#s5</styleUrl><Point><coordinates>127.77367,26.27836,0</coordinates></Point></Placemark>
<Placemark><name>후텐마구</name><description><![CDATA[<b>분류</b>: 관광지<br><b>지역</b>: 중부 기노완<br><b>설명</b>: 류큐 8대 신사 중 하나로, 본전 뒤편에 약 280m 길이의 종유동굴이 있다. 20분 간격 가이드를 따라 무료로 동굴 일부를 관람할 수 있다.<br><b>영업</b>: 동굴 안내 20분 간격 운영<br><b>주차</b>: 있음(무료)<br><b>주소</b>: 沖縄県宜野湾市普天間1丁目27-10<br><a href="https://www.google.com/maps/search/?api=1&amp;query=%E6%99%AE%E5%A4%A9%E6%BA%80%E5%AE%AE%20%E5%AE%9C%E9%87%8E%E6%B9%BE%E5%B8%82%E6%99%AE%E5%A4%A9%E9%96%93">구글 지도에서 길찾기</a>]]></description><styleUrl>#s5</styleUrl><Point><coordinates>127.77376,26.29454,0</coordinates></Point></Placemark>
<Placemark><name>나카구스쿠 성터</name><description><![CDATA[<b>분류</b>: 관광지<br><b>지역</b>: 중부 나카구스쿠<br><b>설명</b>: 중성만이 내려다보이는 해발 160m 고지의 세계문화유산 성터. 오키나와 300여 개 구스쿠 중에서도 보존 상태가 특히 좋은 것으로 꼽힌다.<br><b>영업</b>: 8:30~17:00(5~9월은 18:00까지)<br><b>휴무</b>: 연중무휴(기상·정비 상황에 따라 관람 제한 가능)<br><b>주차</b>: 있음(무료, 100대)<br><b>주소</b>: 沖縄県中頭郡中城村字泊1258<br><a href="https://www.google.com/maps/search/?api=1&amp;query=%E4%B8%AD%E5%9F%8E%E5%9F%8E%E8%B7%A1%20%E4%B8%AD%E5%9F%8E%E6%9D%91">구글 지도에서 길찾기</a>]]></description><styleUrl>#s5</styleUrl><Point><coordinates>127.80196,26.2747,0</coordinates></Point></Placemark>
<Placemark><name>아야카리노모리</name><description><![CDATA[<b>분류</b>: 관광지<br><b>지역</b>: 중부 북중성(나카구스쿠 인접)<br><b>설명</b>: 도서관·캠프장이 함께 있는 복합 문화시설. 나카구스쿠 성터 관광과 묶어 들르기 좋은 지역 명소다.<br><b>영업</b>: 도서관 화~금 10:00~20:00, 토·일·공휴일 9:00~17:00 / 캠프장 화~일 9:00~20:00<br><b>휴무</b>: 월요일, 매월 첫째 수요일, 위령의 날(6/23), 연말연시<br><b>주차</b>: 정보 없음<br><b>주소</b>: 沖縄県中頭郡北中城村字喜舎場<br><a href="https://www.google.com/maps/search/?api=1&amp;query=%E3%81%82%E3%82%84%E3%81%8B%E3%82%8A%E3%81%AE%E6%9D%9C%20%E5%8C%97%E4%B8%AD%E5%9F%8E%E6%9D%91">구글 지도에서 길찾기</a>]]></description><styleUrl>#s5</styleUrl><Point><coordinates>127.79457,26.3049,0</coordinates></Point></Placemark>
<Placemark><name>아스무이 하이크스 (구 다이세키린잔)</name><description><![CDATA[<b>분류</b>: 관광지<br><b>지역</b>: 북부 구니가미손<br><b>설명</b>: 2억년 석회암 카르스트 지형 위 류큐 신화 성지 '아스무이'를 도는 트레킹 코스. 2024년 12월 전면 리뉴얼로 이름이 바뀌고 셔틀버스·음성가이드 포함 요금제가 됐다 — 오키나와 최북단 특유의 원시림과 기암 풍경은 여전히 유일무이해서 편도 2시간을 들일 가치가 있다.<br><b>영업</b>: 9:30~17:30 (최종입장 16:00)<br><b>휴무</b>: 2024년 12월 28일 '大石林山'에서 'アスムイハイクス'로 개칭·리뉴얼됨. 요금 체계도 변경(음성가이드·셔틀 포함)되었으니 예약 전 공식 사이트 재확인 필요.<br><b>주차</b>: 있음 (무료)<br><b>주소</b>: 沖縄県国頭郡国頭村宜名真1241<br><a href="https://www.google.com/maps/search/?api=1&amp;query=%E3%82%A2%E3%82%B9%E3%83%A0%E3%82%A4%E3%83%8F%E3%82%A4%E3%82%AF%E3%82%B9%20%E5%9B%BD%E9%A0%AD%E6%9D%91">구글 지도에서 길찾기</a>]]></description><styleUrl>#s5</styleUrl><Point><coordinates>128.25609,26.84456,0</coordinates></Point></Placemark>
<Placemark><name>헤도미사키 (본섬 최북단)</name><description><![CDATA[<b>분류</b>: 전망<br><b>지역</b>: 북부 구니가미손<br><b>설명</b>: 오키나와 본섬 최북단 곶. 동중국해와 태평양이 한눈에 갈리고, 맑은 날엔 22km 밖 요론섬까지 보인다. '일본 조국 복귀 투쟁비'가 서 있어 역사적 의미도 있다 — 최북단이라는 상징성 자체가 여기까지 갈 이유.<br><b>영업</b>: 제한 없음 (전망대는 관광안내소 운영시간 내)<br><b>주차</b>: 있음 (무료, 약 70대)<br><b>주소</b>: 沖縄県国頭郡国頭村字辺戸<br><a href="https://www.google.com/maps/search/?api=1&amp;query=%E8%BE%BA%E6%88%B8%E5%B2%AC%20%E5%9B%BD%E9%A0%AD%E6%9D%91">구글 지도에서 길찾기</a>]]></description><styleUrl>#s5</styleUrl><Point><coordinates>128.26318,26.85801,0</coordinates></Point></Placemark>
<Placemark><name>오기미 시콰사 파크</name><description><![CDATA[<b>분류</b>: 관광지<br><b>지역</b>: 북부 오기미손<br><b>설명</b>: 일본 최대 시콰사 산지 오기미손에 있는, 오키나와 최초 시콰사 테마파크. 입장은 무료라 부담 없이 들러 착즙 음료를 마셔볼 수 있고, 세계 최장수 마을이라는 오기미손의 정체성을 직접 체험할 수 있는 곳이다.<br><b>영업</b>: 평일 10:00~17:30 / 토·일·공휴일 10:00~18:00<br><b>주차</b>: 있음 (무료, 30대)<br><b>주소</b>: 沖縄県国頭郡大宜味村津波1424-1<br><a href="https://www.google.com/maps/search/?api=1&amp;query=%E5%A4%A7%E5%AE%9C%E5%91%B3%E3%82%B7%E3%83%BC%E3%82%AF%E3%83%AE%E3%83%BC%E3%82%B5%E3%83%BC%E3%83%91%E3%83%BC%E3%82%AF">구글 지도에서 길찾기</a>]]></description><styleUrl>#s5</styleUrl><Point><coordinates>128.09659,26.65827,0</coordinates></Point></Placemark>
<Placemark><name>니슈도 (긴칸논지 종유동)</name><description><![CDATA[<b>분류</b>: 관광지<br><b>지역</b>: 북부 긴초<br><b>설명</b>: 16세기 승려 닛슈가 개창한 사찰 경내에 전장 270m 종유동이 그대로 있는 독특한 곳. 신사·사찰이 동굴과 일체화된 류큐 특유의 신앙 공간이라, 2026년 2월 국가 사적으로도 지정됐다.<br><b>영업</b>: 7:00~16:00 (가이드투어 11시·14시·15시반)<br><b>주차</b>: 있음 (무료)<br><b>주소</b>: 沖縄県国頭郡金武町字金武222番地<br><a href="https://www.google.com/maps/search/?api=1&amp;query=%E9%87%91%E6%AD%A6%E8%A6%B3%E9%9F%B3%E5%AF%BA%20%E6%97%A5%E7%A7%80%E6%B4%9E">구글 지도에서 길찾기</a>]]></description><styleUrl>#s5</styleUrl><Point><coordinates>127.92154,26.45512,0</coordinates></Point></Placemark>
<Placemark><name>다이호 댐</name><description><![CDATA[<b>분류</b>: 전망<br><b>지역</b>: 북부 오기미손<br><b>설명</b>: 오키나와 현내 2번째로 큰 댐으로, 서로 다른 형식의 댐 3종이 한 저수지를 마주 보는 일본 유일의 구조. 전망대·잔디광장이 있고 관광객이 몰리지 않아 조용히 걷기 좋으며, 천연기념물 딱따구리(ノグチゲラ) 둥지가 보이는 카누 투어도 열린다.<br><b>영업</b>: 다이호 댐 자료관 기준 운영시간 별도 확인 필요<br><b>주차</b>: 있음 (무료)<br><b>주소</b>: 沖縄県国頭郡大宜味村字大保<br><a href="https://www.google.com/maps/search/?api=1&amp;query=%E5%A4%A7%E4%BF%9D%E3%83%80%E3%83%A0%20%E5%A4%A7%E5%AE%9C%E5%91%B3%E6%9D%91">구글 지도에서 길찾기</a>]]></description><styleUrl>#s5</styleUrl><Point><coordinates>128.1247,26.64554,0</coordinates></Point></Placemark>
<Placemark><name>기조카 나나타키 (칠단폭포)</name><description><![CDATA[<b>분류</b>: 관광지<br><b>지역</b>: 북부 오기미손<br><b>설명</b>: 물줄기가 일곱 번 꺾여 떨어진다는 이름의 작은 폭포이자 지역 신앙의 성지. 입구에 도리이(鳥居)와 배소(拝所)가 있어 참배 예절을 지켜야 하는, 가이드북에 잘 안 나오는 진짜 '穴場'. 주차 공간이 4대뿐이라 붐빌 일이 없다.<br><b>영업</b>: 제한 없음 (자연 지형)<br><b>휴무</b>: 성지이므로 정숙·예절 유지 필요. 진입로가 매우 좁아 교행 주의<br><b>주차</b>: 있음 (약 4대, 협소)<br><b>주소</b>: 沖縄県国頭郡大宜味村字喜如嘉<br><a href="https://www.google.com/maps/search/?api=1&amp;query=%E5%96%9C%E5%A6%82%E5%98%89%E3%81%AE%E4%B8%83%E6%BB%9D%20%E5%A4%A7%E5%AE%9C%E5%91%B3%E6%9D%91">구글 지도에서 길찾기</a>]]></description><styleUrl>#s5</styleUrl><Point><coordinates>128.15365,26.69614,0</coordinates></Point></Placemark>
<Placemark><name>후쿠치 댐</name><description><![CDATA[<b>분류</b>: 전망<br><b>지역</b>: 북부 히가시손<br><b>설명</b>: 오키나와현 최대 규모 록필댐. 전망대·유보도가 무료 개방돼 있고, 댐호 지류까지 들어가는 자연관찰선을 타면 평소 보기 힘든 얀바루 습지 생태를 볼 수 있다. 주변 벚꽃길도 새로운 명소로 꼽힌다.<br><b>영업</b>: 댐자료관 9:00~17:00 (연중무휴)<br><b>주차</b>: 있음 (무료)<br><b>주소</b>: 沖縄県国頭郡東村川田中上原1105-108<br><a href="https://www.google.com/maps/search/?api=1&amp;query=%E7%A6%8F%E5%9C%B0%E3%83%80%E3%83%A0%20%E6%9D%B1%E6%9D%91">구글 지도에서 길찾기</a>]]></description><styleUrl>#s5</styleUrl><Point><coordinates>128.17444,26.64677,0</coordinates></Point></Placemark>
<Placemark><name>시오야 대교 (통칭 아카바시)</name><description><![CDATA[<b>분류</b>: 전망<br><b>지역</b>: 북부 오기미손<br><b>설명</b>: 잔잔한 시오야만 입구를 가로지르는 붉은 아치형 다리. 다리 위 풍경도 좋지만, 국도에서 샛길로 들어가 언덕 계단을 오르면 나오는 전망 포인트는 현지인도 잘 모르는 진짜 숨은 자리라고 소개될 정도로 방문객이 드물다.<br><b>영업</b>: 제한 없음<br><b>주차</b>: 있음 (무료)<br><b>주소</b>: 沖縄県国頭郡大宜味村塩屋<br><a href="https://www.google.com/maps/search/?api=1&amp;query=%E5%A1%A9%E5%B1%8B%E5%A4%A7%E6%A9%8B%20%E5%A4%A7%E5%AE%9C%E5%91%B3%E6%9D%91">구글 지도에서 길찾기</a>]]></description><styleUrl>#s5</styleUrl><Point><coordinates>128.1092,26.67699,0</coordinates></Point></Placemark>
<Placemark><name>자키미성터</name><description><![CDATA[<b>분류</b>: 관광지<br><b>지역</b>: 중부 요미탄<br><b>설명</b>: 류큐 왕국 시대의 구스크(성터). 완만한 곡선의 석벽이 아름다워 2000년 유네스코 세계유산으로 등재됐다. 입장 무료, 언덕 위 전망도 좋다.<br><b>영업</b>: 상시 개방(무료)<br><b>주차</b>: 있음<br><b>주소</b>: 沖縄県中頭郡読谷村座喜味<br><a href="https://www.google.com/maps/search/?api=1&amp;query=%E5%BA%A7%E5%96%9C%E5%91%B3%E5%9F%8E%E8%B7%A1%20%E8%AA%AD%E8%B0%B7%E6%9D%91">구글 지도에서 길찾기</a>]]></description><styleUrl>#s5</styleUrl><Point><coordinates>127.75143,26.40529,0</coordinates></Point></Placemark>
<Placemark><name>잔파곶 등대</name><description><![CDATA[<b>분류</b>: 전망<br><b>지역</b>: 중부 요미탄<br><b>설명</b>: 높이 30~40m 절벽이 약 2km 이어지는 잔파곶 끝에 선 백색 대형 등대. 오키나와 해안국정공원의 대표 절경 포인트.<br><b>영업</b>: 상시 개방(등대 내부 등정은 별도 유료 시간대 있음)<br><b>주차</b>: 있음<br><b>주소</b>: 沖縄県中頭郡読谷村字塩屋<br><a href="https://www.google.com/maps/search/?api=1&amp;query=%E6%AE%8B%E6%B3%A2%E5%B2%AC%E7%81%AF%E5%8F%B0%20%E8%AA%AD%E8%B0%B7%E6%9D%91">구글 지도에서 길찾기</a>]]></description><styleUrl>#s5</styleUrl><Point><coordinates>127.71367,26.44106,0</coordinates></Point></Placemark>
</Folder>
<Folder><name>비치 (12)</name>
<Placemark><name>이케이비치</name><description><![CDATA[<b>분류</b>: 비치<br><b>지역</b>: 중부 우루마 이케이섬<br><b>설명</b>: 완만하고 파도가 잔잔한 천연 비치로 해중도로를 건너 이케이섬 끝자락에 있다. 해양레저 장비 대여가 잘 갖춰져 있어 가족 단위로 즐기기 좋다.<br><b>영업</b>: 유영 가능 10:00~17:00(계절·날씨에 따라 변동)<br><b>주차</b>: 무료<br><b>주소</b>: 沖縄県うるま市与那城伊計405<br><a href="https://www.google.com/maps/search/?api=1&amp;query=%E4%BC%8A%E8%A8%88%E3%83%93%E3%83%BC%E3%83%81%20%E3%81%86%E3%82%8B%E3%81%BE%E5%B8%82">구글 지도에서 길찾기</a>]]></description><styleUrl>#s6</styleUrl><Point><coordinates>127.99276,26.38579,0</coordinates></Point></Placemark>
<Placemark><name>고우리섬 하트록 (티누하마)</name><description><![CDATA[<b>분류</b>: 비치<br><b>지역</b>: 북부 고우리섬<br><b>설명</b>: 고우리섬 북쪽 티누하마 해변에 있는 하트 모양 바위 두 개. 보는 각도에 따라 하트·역하트로 보여 '사랑의 섬' 고우리의 대표 포토스팟이지만 샤워장·해파리 방지망이 없어 해수욕엔 부적합.<br><b>영업</b>: 상시 개방<br><b>주차</b>: 인근 유료 주차장 있음<br><b>주소</b>: 沖縄県国頭郡今帰仁村古宇利<br><a href="https://www.google.com/maps/search/?api=1&amp;query=%E3%83%8F%E3%83%BC%E3%83%88%E3%83%AD%E3%83%83%E3%82%AF%20%E5%8F%A4%E5%AE%87%E5%88%A9%E5%B3%B6">구글 지도에서 길찾기</a>]]></description><styleUrl>#s6</styleUrl><Point><coordinates>128.02,26.70102,0</coordinates></Point></Placemark>
<Placemark><name>세소코 비치</name><description><![CDATA[<b>분류</b>: 비치<br><b>지역</b>: 북부 모토부<br><b>설명</b>: 오키나와 본섬에서도 손꼽히는 투명도를 자랑하는 세소코섬의 비치. 탈의실·온수 샤워·락커 등 시설이 잘 갖춰져 있어 가족 단위로 찾기 좋지만 성수기엔 주차장이 금방 찬다.<br><b>영업</b>: 유영 시즌만 운영(겨울철 주차장 폐쇄)<br><b>주차</b>: 있음(약 300대, 유료)<br><b>주소</b>: 沖縄県国頭郡本部町瀬底5583<br><a href="https://www.google.com/maps/search/?api=1&amp;query=%E7%80%AC%E5%BA%95%E3%83%93%E3%83%BC%E3%83%81%20%E6%9C%AC%E9%83%A8%E7%94%BA">구글 지도에서 길찾기</a>]]></description><styleUrl>#s6</styleUrl><Point><coordinates>127.81745,26.64685,0</coordinates></Point></Placemark>
<Placemark><name>야가지 비치</name><description><![CDATA[<b>분류</b>: 비치<br><b>지역</b>: 북부 야가지섬<br><b>설명</b>: 폭 300m의 천연 모래사장이 초원과 이어지는 야가지섬의 해변. 썰물 때는 작은 섬까지 걸어갈 수 있는 육계사주(트롬보) '퓨어로드'가 나타나며 캠핑·카약·낚시도 가능하다.<br><b>영업</b>: 4월 1일~9월 30일, 08:00~17:00 (유영기간 4월 중순~9월)<br><b>휴무</b>: 동계 휴업(연말연시 포함)<br><b>주차</b>: 있음(약 200대, 유료)<br><b>주소</b>: 沖縄県名護市字屋我143<br><a href="https://www.google.com/maps/search/?api=1&amp;query=%E5%B1%8B%E6%88%91%E5%9C%B0%E3%83%93%E3%83%BC%E3%83%81%20%E5%90%8D%E8%AD%B7%E5%B8%82">구글 지도에서 길찾기</a>]]></description><styleUrl>#s6</styleUrl><Point><coordinates>128.03057,26.65229,0</coordinates></Point></Placemark>
<Placemark><name>나가하마 비치</name><description><![CDATA[<b>분류</b>: 비치<br><b>지역</b>: 북부 나키진<br><b>설명</b>: 길이 약 300m의 하얀 모래 천연 해변으로 물이 맑아 스노클링에 좋은 지역민 애호 스팟. 편의시설이 거의 없는 대신 한적하게 즐길 수 있는 것이 매력.<br><b>영업</b>: 상시 개방(감시원 없음)<br><b>주차</b>: 무료 주차 약 10대(협소, 조기 방문 권장)<br><b>주소</b>: 沖縄県国頭郡今帰仁村運天<br><a href="https://www.google.com/maps/search/?api=1&amp;query=%E9%95%B7%E6%B5%9C%E3%83%93%E3%83%BC%E3%83%81%20%E4%BB%8A%E5%B8%B0%E4%BB%81%E6%9D%91">구글 지도에서 길찾기</a>]]></description><styleUrl>#s6</styleUrl><Point><coordinates>127.99926,26.68745,0</coordinates></Point></Placemark>
<Placemark><name>나미노우에 비치</name><description><![CDATA[<b>분류</b>: 비치<br><b>지역</b>: 나하 나미노우에<br><b>설명</b>: 나하 시내 중심부에 있는 도심형 비치. 나미노우에구 바로 옆에 붙어 있어 참배 후 산책·해수욕을 함께 즐기기 좋다.<br><a href="https://www.google.com/maps/search/?api=1&amp;query=%E6%B3%A2%E3%81%AE%E4%B8%8A%E3%83%93%E3%83%BC%E3%83%81%20%E9%82%A3%E8%A6%87">구글 지도에서 길찾기</a>]]></description><styleUrl>#s6</styleUrl><Point><coordinates>127.67215,26.22129,0</coordinates></Point></Placemark>
<Placemark><name>아자마 산산 비치</name><description><![CDATA[<b>분류</b>: 비치<br><b>지역</b>: 남부 난조시<br><b>설명</b>: 신의 섬 구다카섬행 페리가 뜨는 아자마 항 옆 인공 비치. 해수 투명도가 높고 백사장과 유영 구역이 넓어 아이 동반 가족에게 인기다. 입장 무료.<br><b>주차</b>: 있음<br><a href="https://www.google.com/maps/search/?api=1&amp;query=%E3%81%82%E3%81%96%E3%81%BE%E3%82%B5%E3%83%B3%E3%82%B5%E3%83%B3%E3%83%93%E3%83%BC%E3%83%81%20%E5%8D%97%E5%9F%8E%E5%B8%82">구글 지도에서 길찾기</a>]]></description><styleUrl>#s6</styleUrl><Point><coordinates>127.82925,26.1781,0</coordinates></Point></Placemark>
<Placemark><name>미바루 비치(신하라 비치)</name><description><![CDATA[<b>분류</b>: 비치<br><b>지역</b>: 남부 난조시<br><b>설명</b>: 햐쿠나 비치와 이어져 2km에 달하는 천연 백사장. 대조 간조 때는 앞바다 리프까지 걸어갈 수 있을 만큼 물이 얕다. 나하공항에서 약 40분.<br><b>주차</b>: 있음(유료)<br><b>주소</b>: 沖縄県南城市玉城<br><a href="https://www.google.com/maps/search/?api=1&amp;query=%E6%96%B0%E5%8E%9F%E3%83%93%E3%83%BC%E3%83%81%20%E3%81%BF%E3%83%BC%E3%81%B0%E3%82%8B%E3%83%93%E3%83%BC%E3%83%81%20%E5%8D%97%E5%9F%8E%E5%B8%82%E7%8E%89%E5%9F%8E">구글 지도에서 길찾기</a>]]></description><styleUrl>#s6</styleUrl><Point><coordinates>127.78278,26.14025,0</coordinates></Point></Placemark>
<Placemark><name>기노완 트로피컬 비치</name><description><![CDATA[<b>분류</b>: 비치<br><b>지역</b>: 중부 기노완<br><b>설명</b>: 현지인들이 '토로피'라 애칭으로 부르는 인공 해변. 해파리 방지망과 안전요원이 있어 아이와 함께도 안심하고 물놀이할 수 있다.<br><b>영업</b>: 개장 기간 있음(주로 여름철), 무료<br><b>휴무</b>: 시즌 외에는 유영 불가<br><b>주차</b>: 있음(약 180대)<br><b>주소</b>: 沖縄県宜野湾市真志喜4丁目(宜野湾海浜公園内)<br><a href="https://www.google.com/maps/search/?api=1&amp;query=%E3%81%8E%E3%81%AE%E3%82%8F%E3%82%93%E3%83%88%E3%83%AD%E3%83%94%E3%82%AB%E3%83%AB%E3%83%93%E3%83%BC%E3%83%81%20%E5%AE%9C%E9%87%8E%E6%B9%BE">구글 지도에서 길찾기</a>]]></description><styleUrl>#s6</styleUrl><Point><coordinates>127.75407,26.27024,0</coordinates></Point></Placemark>
<Placemark><name>오쿠마 비치</name><description><![CDATA[<b>분류</b>: 비치<br><b>지역</b>: 북부 구니가미손<br><b>설명</b>: 약 1km 길이 백사장이 펼쳐진 리조트 소유 해변으로, 투숙객이 아니어도 입장료를 내면 이용 가능. 얀바루 최북단 권역에서 몇 안 되는 '제대로 수영할 수 있는' 해변이라, 자연 체험과 함께 하루를 마무리하기 좋다.<br><b>영업</b>: 유영시간 9:00~18:00 (11~2월은 17:00까지)<br><b>주차</b>: 있음 (무료, 150대, 이용료에 포함)<br><b>주소</b>: 沖縄県国頭郡国頭村字奥間913<br><a href="https://www.google.com/maps/search/?api=1&amp;query=%E3%82%AA%E3%82%AF%E3%83%9E%E3%83%93%E3%83%BC%E3%83%81%20%E5%9B%BD%E9%A0%AD%E6%9D%91">구글 지도에서 길찾기</a>]]></description><styleUrl>#s6</styleUrl><Point><coordinates>128.17738,26.73343,0</coordinates></Point></Placemark>
<Placemark><name>잔파비치</name><description><![CDATA[<b>분류</b>: 비치<br><b>지역</b>: 중부 요미탄<br><b>설명</b>: 잔파곶 공원에 인접한 마을 운영 비치. 넓은 백사장과 액티비티 파크가 있어 해수욕부터 BBQ까지 다양하게 즐길 수 있다.<br><b>영업</b>: 4/1~10/31 9:00~18:00, 11/1~3/31 9:00~17:00 (해수욕 기간 4/1~10/31)<br><b>주차</b>: 있음<br><b>주소</b>: 沖縄県中頭郡読谷村字塩屋<br><a href="https://www.google.com/maps/search/?api=1&amp;query=%E6%AE%8B%E6%B3%A2%E3%83%93%E3%83%BC%E3%83%81%20%E8%AA%AD%E8%B0%B7%E6%9D%91">구글 지도에서 길찾기</a>]]></description><styleUrl>#s6</styleUrl><Point><coordinates>127.71598,26.43534,0</coordinates></Point></Placemark>
<Placemark><name>문비치</name><description><![CDATA[<b>분류</b>: 비치<br><b>지역</b>: 중부 온나손<br><b>설명</b>: 초승달 모양의 천연 백사장을 감싸듯 리조트 호텔이 자리한 온나손 대표 비치.<br><b>영업</b>: 계절별 상이<br><b>주차</b>: 있음<br><b>주소</b>: 沖縄県国頭郡恩納村字前兼久<br><a href="https://www.google.com/maps/search/?api=1&amp;query=%E3%83%A0%E3%83%BC%E3%83%B3%E3%83%93%E3%83%BC%E3%83%81%20%E6%81%A9%E7%B4%8D%E6%9D%91">구글 지도에서 길찾기</a>]]></description><styleUrl>#s6</styleUrl><Point><coordinates>127.806,26.44963,0</coordinates></Point></Placemark>
</Folder>
<Folder><name>체험 (21)</name>
<Placemark><name>누치마스 관광제염 팩토리</name><description><![CDATA[<b>분류</b>: 체험<br><b>지역</b>: 중부 우루마 미야기지마<br><b>설명</b>: 독특한 제염법으로 만드는 오키나와 소금 '누치마스' 공장 견학 시설. 무료 가이드 투어(10~15분, 매시 정각·30분 시작)와 소금 소프트아이스크림이 인기.<br><b>영업</b>: 9:00~17:30(무료가이드는 16:40까지, 10분 간격)<br><b>휴무</b>: 연중무휴<br><b>주차</b>: 있음<br><b>주소</b>: 沖縄県うるま市与那城宮城2768<br><a href="https://www.google.com/maps/search/?api=1&amp;query=%E3%81%AC%E3%81%A1%E3%81%BE%E3%83%BC%E3%81%99%E8%A6%B3%E5%85%89%E8%A3%BD%E5%A1%A9%E3%83%95%E3%82%A1%E3%82%AF%E3%83%88%E3%83%AA%E3%83%BC%20%E3%81%86%E3%82%8B%E3%81%BE%E5%B8%82">구글 지도에서 길찾기</a>]]></description><styleUrl>#s7</styleUrl><Point><coordinates>127.9869,26.37001,0</coordinates></Point></Placemark>
<Placemark><name>오리온 해피파크(오리온 맥주 나고 공장)</name><description><![CDATA[<b>분류</b>: 체험<br><b>지역</b>: 북부 나고<br><b>설명</b>: 오키나와 대표 맥주 오리온의 나고 공장을 가이드와 함께 둘러보고 시음까지 할 수 있는 견학 코스. 쇼와 40년대 오키나와 상점가를 재현한 전시 갤러리와 굿즈숍도 있다.<br><b>영업</b>: 10:00~17:00 (견학은 16:00까지), 화·수·목·금·토 개관<br><b>휴무</b>: 일·월요일 휴무<br><b>주차</b>: 무료 주차장 있음<br><b>주소</b>: 沖縄県名護市東江2-2-1<br><a href="https://www.google.com/maps/search/?api=1&amp;query=%E3%82%AA%E3%83%AA%E3%82%AA%E3%83%B3%E3%83%8F%E3%83%83%E3%83%94%E3%83%BC%E3%83%91%E3%83%BC%E3%82%AF%20%E5%90%8D%E8%AD%B7">구글 지도에서 길찾기</a>]]></description><styleUrl>#s7</styleUrl><Point><coordinates>127.98914,26.58839,0</coordinates></Point></Placemark>
<Placemark><name>고우리섬 마린클럽 잔마린</name><description><![CDATA[<b>분류</b>: 체험<br><b>지역</b>: 북부 고우리섬<br><b>설명</b>: 고우리섬 출신 오너가 운영하는 섬 내 첫 마린 숍. 스노클링(90분, 1인 6,000엔~)·체험 다이빙·클리어카약 코스가 있다.<br><b>영업</b>: 08:00~20:00 (스노클링 10:00/12:30/14:30 개시)<br><b>주차</b>: 있음<br><b>주소</b>: 沖縄県国頭郡今帰仁村古宇利30-1<br><a href="https://www.google.com/maps/search/?api=1&amp;query=%E5%8F%A4%E5%AE%87%E5%88%A9%E5%B3%B6%E3%83%9E%E3%83%AA%E3%83%B3%E3%82%AF%E3%83%A9%E3%83%96%20%E3%82%B6%E3%83%B3%E3%83%9E%E3%83%AA%E3%83%B3">구글 지도에서 길찾기</a>]]></description><styleUrl>#s7</styleUrl><Point><coordinates>128.02,26.70102,0</coordinates></Point></Placemark>
<Placemark><name>간가라노타니 케이브카페</name><description><![CDATA[<b>분류</b>: 체험<br><b>지역</b>: 남부 난조시<br><b>설명</b>: 천연 종유동 안에 자리한 카페 겸 가이드투어 명소. 지하수로 내린 커피를 마실 수 있다. 계곡 투어는 예약제.<br><b>주차</b>: 있음<br><a href="https://www.google.com/maps/search/?api=1&amp;query=%E3%82%AC%E3%83%B3%E3%82%AC%E3%83%A9%E3%83%BC%E3%81%AE%E8%B0%B7%20%E5%8D%97%E5%9F%8E%E5%B8%82">구글 지도에서 길찾기</a>]]></description><styleUrl>#s7</styleUrl><Point><coordinates>127.74688,26.14163,0</coordinates></Point></Placemark>
<Placemark><name>오키나와 월드 · 교쿠센도</name><description><![CDATA[<b>분류</b>: 체험<br><b>지역</b>: 남부 난조시<br><b>설명</b>: 약 30만 년에 걸쳐 형성된 전체 5km 규모(890m 공개) 종유동 교쿠센도와 하브박물공원, 류큐 왕국 성곽 마을 공예체험이 모여 있는 남부 대표 관광지.<br><b>주차</b>: 있음<br><a href="https://www.google.com/maps/search/?api=1&amp;query=%E3%81%8A%E3%81%8D%E3%81%AA%E3%82%8F%E3%83%AF%E3%83%BC%E3%83%AB%E3%83%89%20%E7%8E%89%E6%B3%89%E6%B4%9E%20%E5%8D%97%E5%9F%8E%E5%B8%82">구글 지도에서 길찾기</a>]]></description><styleUrl>#s7</styleUrl><Point><coordinates>127.74901,26.13983,0</coordinates></Point></Placemark>
<Placemark><name>류큐 글라스무라</name><description><![CDATA[<b>분류</b>: 체험<br><b>지역</b>: 남부 이토만시<br><b>설명</b>: 일본 최대 규모의 류큐 유리 공방. 유리공예·향수·젤글라스 등 체험형 유리 테마파크로, 입장은 무료고 주차장 100대분을 갖췄다.<br><b>영업</b>: 9:30~17:30<br><b>휴무</b>: 연중무휴<br><b>주차</b>: 있음(100대)<br><b>주소</b>: 沖縄県糸満市福地169<br><a href="https://www.google.com/maps/search/?api=1&amp;query=%E7%90%89%E7%90%83%E3%82%AC%E3%83%A9%E3%82%B9%E6%9D%91%20%E7%B3%B8%E6%BA%80%E5%B8%82%E7%A6%8F%E5%9C%B0">구글 지도에서 길찾기</a>]]></description><styleUrl>#s7</styleUrl><Point><coordinates>127.67647,26.09504,0</coordinates></Point></Placemark>
<Placemark><name>류큐온천 류진노유</name><description><![CDATA[<b>분류</b>: 체험<br><b>지역</b>: 남부 세나가지마<br><b>설명</b>: 세나가지마 호텔 1층 천연온천. 지하 1,000m에서 끌어올린 나트륨염화물 강염천으로 나하공항 활주로와 게라마 제도 낙조를 보며 입욕할 수 있다. 당일치기 이용 가능.<br><b>영업</b>: 6:00~23:00 최종접수<br><b>주차</b>: 있음<br><b>주소</b>: 沖縄県豊見城市字瀬長<br><a href="https://www.google.com/maps/search/?api=1&amp;query=%E7%90%89%E7%90%83%E6%B8%A9%E6%B3%89%20%E9%BE%8D%E7%A5%9E%E3%81%AE%E6%B9%AF%20%E7%80%AC%E9%95%B7%E5%B3%B6%E3%83%9B%E3%83%86%E3%83%AB">구글 지도에서 길찾기</a>]]></description><styleUrl>#s7</styleUrl><Point><coordinates>127.6559,26.17529,0</coordinates></Point></Placemark>
<Placemark><name>슈리류센</name><description><![CDATA[<b>분류</b>: 체험<br><b>지역</b>: 나하 슈리<br><b>설명</b>: 슈리성에서 도보 5분, 빙가타와 오키나와 산호를 이용한 독자적 '산고조메(サンゴ染め)' 체험이 가능한 염색 공방. 1층 판매, 2층 체험, 3층 장인 작업 견학.<br><b>영업</b>: 9:00~18:00 (체험 시작 9:30/11:00/12:30/14:00/15:30)<br><b>휴무</b>: 연중무휴<br><b>주소</b>: 沖縄県那覇市首里山川町1-54<br><a href="https://www.google.com/maps/search/?api=1&amp;query=%E9%A6%96%E9%87%8C%E7%90%89%E6%9F%93%20%E9%82%A3%E8%A6%87%E5%B8%82%E9%A6%96%E9%87%8C%E5%B1%B1%E5%B7%9D%E7%94%BA">구글 지도에서 길찾기</a>]]></description><styleUrl>#s7</styleUrl><Point><coordinates>127.71263,26.22607,0</coordinates></Point></Placemark>
<Placemark><name>류큐 글라스 타쿠미 공방 이시카와 본점</name><description><![CDATA[<b>분류</b>: 체험<br><b>지역</b>: 중부 이시카와<br><b>설명</b>: 국도 58호선변, 온나손 도로역에서 차로 5분 거리. 1인당 체험시간 약 15분으로 짧아 이동 중 짬에 들르기 좋은 유리공예 체험 공방.<br><b>영업</b>: 9:00~17:30 (체험 최종접수 16:30)<br><b>휴무</b>: 수요일<br><b>주차</b>: 무료 15대<br><b>주소</b>: 沖縄県うるま市石川伊波1553-279<br><a href="https://www.google.com/maps/search/?api=1&amp;query=%E7%90%89%E7%90%83%E3%82%AC%E3%83%A9%E3%82%B9%E5%8C%A0%E5%B7%A5%E6%88%BF%20%E7%9F%B3%E5%B7%9D%E6%9C%AC%E5%BA%97%20%E3%81%86%E3%82%8B%E3%81%BE%E5%B8%82%E7%9F%B3%E5%B7%9D%E4%BC%8A%E6%B3%A2">구글 지도에서 길찾기</a>]]></description><styleUrl>#s7</styleUrl><Point><coordinates>127.82108,26.41828,0</coordinates></Point></Placemark>
<Placemark><name>오키나와 공예의 숲</name><description><![CDATA[<b>분류</b>: 체험<br><b>지역</b>: 남부 토미구스쿠시<br><b>설명</b>: 오키나와현이 운영하는 전통공예 교류시설. 도자기·유리·직물 등 다양한 공예를 한 곳에서 배우고 체험할 수 있어 비 오는 날에도 좋다.<br><b>영업</b>: 9:00~18:00<br><b>휴무</b>: 월요일(공휴일·위령의날은 익일), 12/30~1/3<br><b>주차</b>: 무료 70대<br><b>주소</b>: 沖縄県豊見城市字豊見城1114番地1<br><a href="https://www.google.com/maps/search/?api=1&amp;query=%E3%81%8A%E3%81%8D%E3%81%AA%E3%82%8F%E5%B7%A5%E8%8A%B8%E3%81%AE%E6%9D%9C%20%E8%B1%8A%E8%A6%8B%E5%9F%8E%E5%B8%82%E8%B1%8A%E8%A6%8B%E5%9F%8E">구글 지도에서 길찾기</a>]]></description><styleUrl>#s7</styleUrl><Point><coordinates>127.68331,26.18858,0</coordinates></Point></Placemark>
<Placemark><name>류큐무라</name><description><![CDATA[<b>분류</b>: 체험<br><b>지역</b>: 중부 온나손 야마다<br><b>설명</b>: 옛 오키나와 가옥을 이축해 만든 문화 테마파크. 돔형 시설 '오키나와노에키 참프루'는 우천에도 쇼핑·체험이 가능해 비 오는 날 대안으로 좋다.<br><b>영업</b>: 통상기 8:30~17:30(최종입장 17:00), 7~9월 9:00~18:00(최종입장 17:30)<br><b>휴무</b>: 연중무휴<br><b>주차</b>: 있음<br><b>주소</b>: 沖縄県恩納村字山田1130<br><a href="https://www.google.com/maps/search/?api=1&amp;query=%E7%90%89%E7%90%83%E6%9D%91%20%E6%81%A9%E7%B4%8D%E6%9D%91%E5%AD%97%E5%B1%B1%E7%94%B0">구글 지도에서 길찾기</a>]]></description><styleUrl>#s7</styleUrl><Point><coordinates>127.78007,26.4349,0</coordinates></Point></Placemark>
<Placemark><name>나고 파인애플 파크</name><description><![CDATA[<b>분류</b>: 체험<br><b>지역</b>: 북부 나고시 타메마타<br><b>설명</b>: 파인애플 자동 카트를 타고 재배 과정을 견학하고 시식·쇼핑할 수 있는 실내 위주 테마파크. 무료 주차장 200대 규모로 접근성도 좋다.<br><b>영업</b>: 10:00~18:00(최종입원17:30)<br><b>주차</b>: 무료 200대<br><b>주소</b>: 沖縄県名護市為又1195<br><a href="https://www.google.com/maps/search/?api=1&amp;query=%E3%83%8A%E3%82%B4%E3%83%91%E3%82%A4%E3%83%8A%E3%83%83%E3%83%97%E3%83%AB%E3%83%91%E3%83%BC%E3%82%AF%20%E5%90%8D%E8%AD%B7%E5%B8%82%E7%82%BA%E5%8F%88">구글 지도에서 길찾기</a>]]></description><styleUrl>#s7</styleUrl><Point><coordinates>127.97831,26.61147,0</coordinates></Point></Placemark>
<Placemark><name>토신가마(도진요)</name><description><![CDATA[<b>분류</b>: 체험<br><b>지역</b>: 중부 요미탄손 자키미<br><b>설명</b>: 야치문의 里 인근 츠보야야키 가마. 그림그리기·시사 만들기·전동 물레 등 다양한 도예 체험이 가능하고 작업 견학도 할 수 있다.<br><b>영업</b>: 9:00~17:30 (자료에 따라 ~16:00·~18:30 표기 차이)<br><b>주차</b>: 있음<br><b>주소</b>: 沖縄県中頭郡読谷村座喜味2898-4<br><a href="https://www.google.com/maps/search/?api=1&amp;query=%E9%99%B6%E7%9C%9E%E7%AA%AF%20%E8%AA%AD%E8%B0%B7%E6%9D%91%E5%BA%A7%E5%96%9C%E5%91%B3">구글 지도에서 길찾기</a>]]></description><styleUrl>#s7</styleUrl><Point><coordinates>127.75143,26.40529,0</coordinates></Point></Placemark>
<Placemark><name>해양문화관·플라네타리움</name><description><![CDATA[<b>분류</b>: 체험<br><b>지역</b>: 북부 모토부초 (오키나와 추라우미 수족관과 같은 공원 내)<br><b>설명</b>: 추라우미 수족관과 같은 카이요하쿠 공원 안에 있는 해양문화 전시관 겸 플라네타리움. 최대 1억 4천만 개 별을 재현하는 돔 상영으로 비 오는 날 대안 코스로 좋다. 2026년 7월부터 매주 수요일 휴관으로 변경됨.<br><b>영업</b>: 공원 홈페이지 개관시간 참조<br><b>휴무</b>: 2026.7.1부터 매주 수요일(공휴일이면 다음 평일)<br><b>주차</b>: 있음(카이요하쿠 공원 공용)<br><b>주소</b>: 沖縄県国頭郡本部町字石川424<br><a href="https://www.google.com/maps/search/?api=1&amp;query=%E6%B5%B7%E6%B4%8B%E6%96%87%E5%8C%96%E9%A4%A8%20%E3%83%97%E3%83%A9%E3%83%8D%E3%82%BF%E3%83%AA%E3%82%A6%E3%83%A0%20%E6%9C%AC%E9%83%A8%E7%94%BA%E7%9F%B3%E5%B7%9D">구글 지도에서 길찾기</a>]]></description><styleUrl>#s7</styleUrl><Point><coordinates>127.88284,26.69467,0</coordinates></Point></Placemark>
<Placemark><name>게사시가와 맹그로브 카약 (후레아이 히루기 공원)</name><description><![CDATA[<b>분류</b>: 체험<br><b>지역</b>: 북부 히가시손<br><b>설명</b>: 오키나와 본섬 최대 규모, 국가 천연기념물로 지정된 히루기(맹그로브) 숲을 카약으로 가로지르는 체험. 얀바루 산·강·바다가 이어지는 생태를 눈높이에서 보는 건 이 지역에서만 가능하다.<br><b>영업</b>: 접수 8:30~12:30 (업체 유한회사 얀바루시젠주쿠 기준, 업체별 상이)<br><b>주차</b>: 있음 (유료, 1대 2,000엔)<br><b>주소</b>: 沖縄県国頭郡東村字慶佐次82番地<br><a href="https://www.google.com/maps/search/?api=1&amp;query=%E3%81%B5%E3%82%8C%E3%81%82%E3%81%84%E3%83%92%E3%83%AB%E3%82%AE%E5%85%AC%E5%9C%92%20%E6%9D%B1%E6%9D%91%E6%85%B6%E4%BD%90%E6%AC%A1">구글 지도에서 길찾기</a>]]></description><styleUrl>#s7</styleUrl><Point><coordinates>128.14461,26.60251,0</coordinates></Point></Placemark>
<Placemark><name>시오야만 카약 투어 (AGES BASE 오기미)</name><description><![CDATA[<b>분류</b>: 체험<br><b>지역</b>: 북부 오기미손<br><b>설명</b>: 오키나와 8경 중 하나로 꼽히는 리아스식 만 시오야완에서 즐기는 카약. 하류의 바다 풍경부터 맹그로브 지대인 중류, 원생림이 뒤덮은 상류까지 한 번에 체험할 수 있어 초보자도 안전하게 '비경'을 볼 수 있다.<br><b>영업</b>: 투어제 (사전예약 필수, 집합시간은 조수 상황에 따라 전날 확정)<br><b>주차</b>: 있음 (무료)<br><b>주소</b>: 沖縄県国頭郡大宜味村大保326-78<br><a href="https://www.google.com/maps/search/?api=1&amp;query=AGES%20BASE%20%E5%A4%A7%E5%AE%9C%E5%91%B3">구글 지도에서 길찾기</a>]]></description><styleUrl>#s7</styleUrl><Point><coordinates>128.1247,26.64554,0</coordinates></Point></Placemark>
<Placemark><name>요나하다케 (오키나와 본섬 최고봉)</name><description><![CDATA[<b>분류</b>: 체험<br><b>지역</b>: 북부 구니가미손<br><b>설명</b>: 표고 503m, 오키나와 본섬 최고봉. 왕복 3~4시간 트레킹 코스지만 정상부(9부 능선 위)는 세계자연유산 특별보호지구라 환경성이 출입을 막아 9부 능선에서 되돌아와야 한다 — '정상까지 못 가는' 산이라는 점 자체가 얀바루 원시림 보전 수준을 체감하게 한다.<br><b>휴무</b>: 9부 능선 위(정상부)는 세계자연유산 핵심지역으로 입산 금지. 등산로 상태는 사전 확인 필요<br><b>주차</b>: 정보 확인 필요<br><a href="https://www.google.com/maps/search/?api=1&amp;query=%E4%B8%8E%E9%82%A3%E8%A6%87%E5%B2%B3%E7%99%BB%E5%B1%B1%E9%81%93%20%E5%9B%BD%E9%A0%AD%E6%9D%91">구글 지도에서 길찾기</a>]]></description><styleUrl>#s7</styleUrl><Point><coordinates>128.17829,26.74575,0</coordinates></Point></Placemark>
<Placemark><name>오쿠쿠비가와 맹그로브 카누 (네이처 미라이칸)</name><description><![CDATA[<b>분류</b>: 체험<br><b>지역</b>: 북부 긴초<br><b>설명</b>: 오키나와 본섬에서 자생하는 4종의 맹그로브를 한 곳에서 다 볼 수 있는 오쿠쿠비강 카누 체험. '일본의 중요 습지 500' 에도 선정된 하천이라 게사시 맹그로브보다 덜 알려졌지만 생태 밀도는 밀리지 않는다.<br><b>영업</b>: 접수 9:00~17:00 (만조 시간대에 맞춰 출발, 예약 시 확인)<br><b>주차</b>: 있음<br><b>주소</b>: 沖縄県国頭郡金武町金武11818-2<br><a href="https://www.google.com/maps/search/?api=1&amp;query=%E3%83%8D%E3%82%A4%E3%83%81%E3%83%A3%E3%83%BC%E3%81%BF%E3%82%89%E3%81%84%E9%A4%A8%20%E9%87%91%E6%AD%A6%E7%94%BA">구글 지도에서 길찾기</a>]]></description><styleUrl>#s7</styleUrl><Point><coordinates>127.92414,26.46938,0</coordinates></Point></Placemark>
<Placemark><name>히가시손 촌민의 숲 츠츠지 에코파크</name><description><![CDATA[<b>분류</b>: 체험<br><b>지역</b>: 북부 히가시손<br><b>설명</b>: 도쿄돔 5개 넓이 부지에 철쭉 5만 그루가 심어진 마을 숲. 3월 철쭉이 만개할 때 열리는 츠츠지 마츠리 외엔 관광버스가 거의 오지 않아 파크골프·리버트레킹까지 한적하게 즐길 수 있다. 인근 후쿠치 댐 자연관찰선도 이곳에서 연계된다.<br><b>영업</b>: 8:30~17:30, 연중무휴<br><b>주차</b>: 있음<br><b>주소</b>: 沖縄県国頭郡東村平良766-1<br><a href="https://www.google.com/maps/search/?api=1&amp;query=%E3%81%A4%E3%81%A4%E3%81%98%E3%82%A8%E3%82%B3%E3%83%91%E3%83%BC%E3%82%AF%20%E6%9D%B1%E6%9D%91">구글 지도에서 길찾기</a>]]></description><styleUrl>#s7</styleUrl><Point><coordinates>128.14376,26.62757,0</coordinates></Point></Placemark>
<Placemark><name>유리공방 니지</name><description><![CDATA[<b>분류</b>: 체험<br><b>지역</b>: 중부 요미탄<br><b>설명</b>: 야치문의 마을 안에 있는 류큐 유리공예 공방. 판매뿐 아니라 유리공예 체험도 가능.<br><b>영업</b>: 확인 필요<br><b>휴무</b>: 확인 필요<br><b>주차</b>: 있음(야치문의 마을 공용)<br><b>주소</b>: 沖縄県中頭郡読谷村座喜味 やちむんの里<br><a href="https://www.google.com/maps/search/?api=1&amp;query=%E3%82%AC%E3%83%A9%E3%82%B9%E5%B7%A5%E6%88%BF%E8%99%B9%20%E8%AA%AD%E8%B0%B7%E6%9D%91">구글 지도에서 길찾기</a>]]></description><styleUrl>#s7</styleUrl><Point><coordinates>127.75143,26.40529,0</coordinates></Point></Placemark>
<Placemark><name>마에다곶</name><description><![CDATA[<b>분류</b>: 체험<br><b>지역</b>: 중부 온나손<br><b>설명</b>: 「푸른 동굴(青の洞窟)」로 유명한 스노클링·다이빙 명소. 헤엄치지 않아도 전망대에서 절경을 즐길 수 있고, 겨울철엔 고래도 관찰 가능.<br><b>영업</b>: 관리사무소 8:30~ (활동은 업체별 상이)<br><b>주차</b>: 있음(유료)<br><b>주소</b>: 沖縄県国頭郡恩納村真栄田<br><a href="https://www.google.com/maps/search/?api=1&amp;query=%E7%9C%9F%E6%A0%84%E7%94%B0%E5%B2%AC%20%E6%81%A9%E7%B4%8D%E6%9D%91">구글 지도에서 길찾기</a>]]></description><styleUrl>#s7</styleUrl><Point><coordinates>127.76365,26.43189,0</coordinates></Point></Placemark>
</Folder>
</Document></kml>